-- phpMyAdmin SQL Dump
-- version 5.2.0
-- https://www.phpmyadmin.net/
--
-- Servidor: 127.0.0.1
-- Tiempo de generación: 10-12-2022 a las 00:14:36
-- Versión del servidor: 10.4.27-MariaDB
-- Versión de PHP: 8.1.12

SET SQL_MODE = "NO_AUTO_VALUE_ON_ZERO";
START TRANSACTION;
SET time_zone = "+00:00";


/*!40101 SET @OLD_CHARACTER_SET_CLIENT=@@CHARACTER_SET_CLIENT */;
/*!40101 SET @OLD_CHARACTER_SET_RESULTS=@@CHARACTER_SET_RESULTS */;
/*!40101 SET @OLD_COLLATION_CONNECTION=@@COLLATION_CONNECTION */;
/*!40101 SET NAMES utf8mb4 */;

--
-- Base de datos: `beta_horarios`
--

-- --------------------------------------------------------

--
-- Estructura de tabla para la tabla `ambiente`
--

CREATE TABLE `ambiente` (
  `id_A` int(11) NOT NULL,
  `Nombre_ambiente` varchar(100) NOT NULL,
  `Capacidad_ambiente` varchar(100) NOT NULL,
  `No_equipos` int(11) NOT NULL,
  `id_sede` int(11) NOT NULL
) ENGINE=InnoDB DEFAULT CHARSET=utf8mb4 COLLATE=utf8mb4_general_ci;

--
-- Volcado de datos para la tabla `ambiente`
--

INSERT INTO `ambiente` (`id_A`, `Nombre_ambiente`, `Capacidad_ambiente`, `No_equipos`, `id_sede`) VALUES
(0, 'ㅤ', 'ㅤ', 0, 0),
(49, '104 ', '30', 25, 10),
(50, '105 ', '30', 25, 10),
(51, '106 ', '30', 25, 10),
(52, '107 ', '30', 25, 10),
(53, '109 ', '30', 25, 10),
(54, '101 ', '30', 25, 10),
(55, '102 ', '30', 25, 10),
(56, '103 ', '30', 25, 10),
(57, '302 ', '30', 25, 10),
(58, '303 ', '30', 25, 10),
(59, '304 ', '30', 25, 10),
(60, '305 ', '30', 25, 10),
(61, '301 ', '30', 25, 10),
(62, '401A ', '30', 25, 10),
(63, '401B ', '30', 25, 10),
(64, '402 ', '30', 25, 10),
(65, '403 ', '30', 25, 10),
(66, '108 ', '30', 25, 10),
(67, 'FOTOGRAFÍA ', '30', 25, 10),
(68, 'ENCUADERNACION ', '30', 25, 10),
(69, 'IMPRESIÓN FLEXOGRAFICA ', '30', 25, 10),
(70, 'LABORATORIO DE METROLOGIA ', '30', 25, 10),
(71, 'IMPRESIÓN SERIGRAFICA ', '30', 25, 10);

-- --------------------------------------------------------

--
-- Estructura de tabla para la tabla `competencias`
--

CREATE TABLE `competencias` (
  `id` int(11) NOT NULL,
  `competencias` text DEFAULT NULL,
  `fecha_ini` varchar(20) DEFAULT NULL,
  `fecha_fin` varchar(20) DEFAULT NULL,
  `instructor` varchar(25) DEFAULT NULL,
  `programas_id` int(11) NOT NULL
) ENGINE=InnoDB DEFAULT CHARSET=utf8mb4 COLLATE=utf8mb4_general_ci;

--
-- Volcado de datos para la tabla `competencias`
--

INSERT INTO `competencias` (`id`, `competencias`, `fecha_ini`, `fecha_fin`, `instructor`, `programas_id`) VALUES
(194, '220201501-APLICACI?N DE CONOCIMIENTOS DE LAS CIENCIAS NATURALES DE ACUERDO\nCON SITUACIONES DEL CONTEXTO PRODUCTIVO Y SOCIAL.', '', '', '', 88524532),
(195, '220601501-APLICAR PR?CTICAS DE PROTECCI?N AMBIENTAL, SEGURIDAD Y SALUD EN EL\nTRABAJO DE ACUERDO CON LAS POL?TICAS ORGANIZACIONALES Y LA\nNORMATIVIDAD VIGENTE.', '', '', '', 88524532),
(196, '220501098-Controlar la calidad del servicio de software de acuerdo con los est?ndares t?cnicos', '', '', '', 88524532),
(197, '220501096-DESARROLLAR LA SOLUCI?N DE SOFTWARE DE ACUERDO CON EL DISE?O Y\nMETODOLOG?AS DE DESARROLLO', '', '', '', 88524532),
(198, '240201524-DESARROLLAR PROCESOS DE COMUNICACI?N EFICACES Y EFECTIVOS,\nTENIENDO EN CUENTA SITUACIONES DE ORDEN SOCIAL, PERSONAL Y', '', '', '', 88524532),
(199, '220501095-Dise?ar la soluci?n de software de acuerdo con procedimientos y requisitos t?cnicos', '', '', '', 88524532),
(200, '210201501-Ejercer derechos fundamentales del trabajo en el marco de la constituci?n pol?tica y los\nconvenios internacionales.', '', '', '', 88524532),
(201, '240201526-Enrique Low Murtra-Interactuar en el contexto productivo y social de acuerdo con\nprincipios ?ticos para la construcci?n de una cultura de paz.', '', '', '', 88524532),
(202, '220501092-Establecer requisitos de la soluci?n de software de acuerdo con est?ndares y\nprocedimiento t?cnico', '', '', '', 88524532),
(203, '220501094-Estructurar propuesta t?cnica de servicio de tecnolog?a de la informaci?n seg?n requisitos\nt?cnicos y normativa', '', '', '', 88524532),
(204, '220501093-Evaluar requisitos de la soluci?n de software de acuerdo con metodolog?as de an?lisis y\nest?ndares', '', '', '', 88524532),
(205, '230101507-GENERAR H?BITOS SALUDABLES DE VIDA MEDIANTE LA APLICACI?N DE\nPROGRAMAS DE ACTIVIDAD F?SICA EN LOS CONTEXTOS PRODUCTIVOS Y\nSOCIALES.', '', '', '', 88524532),
(206, '240201529-Gestionar procesos propios de la cultura emprendedora y empresarial de acuerdo con el\nperfil personal y los requerimientos de los contextos productivo y social.', '', '', '', 88524532),
(207, '240202501-INTERACTUAR EN LENGUA INGLESA DE FORMA ORAL Y ESCRITA DENTRO DE\nCONTEXTOS SOCIALES Y LABORALES SEG?N LOS CRITERIOS ESTABLECIDOS\nPOR EL MARCO COM?N EUROPEO DE REFERENCIA PARA LAS LENGUAS.', '', '', '', 88524532),
(208, '220501097-Implementar la soluci?n de software de acuerdo con los requisitos de operaci?n y modelos\nde referencia', '', '', '', 88524532),
(209, '240201064-Orientar investigaci?n formativa seg?n referentes t?cnicos', '', '', '', 88524532),
(210, '999999999-RESULTADOS DE APRENDIZAJE ETAPA PRACTICA', '', '', '', 88524532),
(211, '240201528-Razonar cuantitativamente frente a situaciones susceptibles de ser abordadas de manera\nmatem?tica en contextos laborales, sociales y personales.', '', '', '', 88524532),
(212, '240201530-Resultado de Aprendizaje de la Inducci?n.', '', '', '', 88524532),
(213, '220501046-Utilizar herramientas inform?ticas de acuerdo con las necesidades de manejo de', '', '', '', 88524532),
(214, '220201501-APLICACI?N DE CONOCIMIENTOS DE LAS CIENCIAS NATURALES DE ACUERDO\nCON SITUACIONES DEL CONTEXTO PRODUCTIVO Y SOCIAL.', '', '', '', 88524521),
(215, '220601501-APLICAR PR?CTICAS DE PROTECCI?N AMBIENTAL, SEGURIDAD Y SALUD EN EL\nTRABAJO DE ACUERDO CON LAS POL?TICAS ORGANIZACIONALES Y LA\nNORMATIVIDAD VIGENTE.', '', '', '', 88524521),
(216, '220501084-Animar elementos de la escena seg?n t?cnicas y especificaciones del proyecto', '', '', '', 88524521),
(217, '240201524-DESARROLLAR PROCESOS DE COMUNICACI?N EFICACES Y EFECTIVOS,\nTENIENDO EN CUENTA SITUACIONES DE ORDEN SOCIAL, PERSONAL Y', '', '', '', 88524521),
(218, '250201022-Desarrollar el storyboard seg?n el gui?n literario y el gui?n t?cnico', '', '', '', 88524521),
(219, '210201501-Ejercer derechos fundamentales del trabajo en el marco de la constituci?n pol?tica y los\nconvenios internacionales.', '', '', '', 88524521),
(220, '240201526-Enrique Low Murtra-Interactuar en el contexto productivo y social de acuerdo con\nprincipios ?ticos para la construcci?n de una cultura de paz.', '', '', '', 88524521),
(221, '230101507-GENERAR H?BITOS SALUDABLES DE VIDA MEDIANTE LA APLICACI?N DE\nPROGRAMAS DE ACTIVIDAD F?SICA EN LOS CONTEXTOS PRODUCTIVOS Y\nSOCIALES.', '', '', '', 88524521),
(222, '240201529-Gestionar procesos propios de la cultura emprendedora y empresarial de acuerdo con el\nperfil personal y los requerimientos de los contextos productivo y social.', '', '', '', 88524521),
(223, '240202501-INTERACTUAR EN LENGUA INGLESA DE FORMA ORAL Y ESCRITA DENTRO DE\nCONTEXTOS SOCIALES Y LABORALES SEG?N LOS CRITERIOS ESTABLECIDOS\nPOR EL MARCO COM?N EUROPEO DE REFERENCIA PARA LAS LENGUAS.', '', '', '', 88524521),
(224, '240201064-Orientar investigaci?n formativa seg?n referentes t?cnicos', '', '', '', 88524521),
(225, '220501085-Pos producir la animaci?n de acuerdo con las especificaciones del proyecto y\nprocedimientos t?cnicos', '', '', '', 88524521),
(226, '220501083-Producir los componentes de la animaci?n de acuerdo con t?cnicas de modelado y dise?o', '', '', '', 88524521),
(227, '999999999-RESULTADOS DE APRENDIZAJE ETAPA PRACTICA', '', '', '', 88524521),
(228, '240201528-Razonar cuantitativamente frente a situaciones susceptibles de ser abordadas de manera\nmatem?tica en contextos laborales, sociales y personales.', '', '', '', 88524521),
(229, '240201530-Resultado de Aprendizaje de la Inducci?n.', '', '', '', 88524521),
(230, '220501046-Utilizar herramientas inform?ticas de acuerdo con las necesidades de manejo de\ninformaci?n', '', '', '', 88524521),
(231, '220201501-APLICACI?N DE CONOCIMIENTOS DE LAS CIENCIAS NATURALES DE ACUERDO\nCON SITUACIONES DEL CONTEXTO PRODUCTIVO Y SOCIAL.', '', '', '', 88524524),
(232, '220601501-APLICAR PR?CTICAS DE PROTECCI?N AMBIENTAL, SEGURIDAD Y SALUD EN EL\nTRABAJO DE ACUERDO CON LAS POL?TICAS ORGANIZACIONALES Y LA\nNORMATIVIDAD VIGENTE.', '', '', '', 88524524),
(233, '220501084-Animar elementos de la escena seg?n t?cnicas y especificaciones del proyecto', '', '', '', 88524524),
(234, '210303025-Calcular costos de operaci?n de acuerdo con m?todos', '', '', '', 88524524),
(235, '240201524-DESARROLLAR PROCESOS DE COMUNICACI?N EFICACES Y EFECTIVOS,\nTENIENDO EN CUENTA SITUACIONES DE ORDEN SOCIAL, PERSONAL Y', '', '', '', 88524524),
(236, '250201022-Desarrollar el storyboard seg?n el gui?n literario y el gui?n t?cnico', '', '', '', 88524524),
(237, '210201501-Ejercer derechos fundamentales del trabajo en el marco de la constituci?n pol?tica y los\nconvenios internacionales.', '', '', '', 88524524),
(238, '250201021-Elaborar el animatic seg?n el storyboard', '', '', '', 88524524),
(239, '240201526-Enrique Low Murtra-Interactuar en el contexto productivo y social de acuerdo con\nprincipios ?ticos para la construcci?n de una cultura de paz.', '', '', '', 88524524),
(240, '230101507-GENERAR H?BITOS SALUDABLES DE VIDA MEDIANTE LA APLICACI?N DE PROGRAMAS DE ACTIVIDAD F?SICA EN LOS CONTEXTOS PRODUCTIVOS Y\nSOCIALES.', '', '', '', 88524524),
(241, '240201529-Gestionar procesos propios de la cultura emprendedora y empresarial de acuerdo con el\nperfil personal y los requerimientos de los contextos productivo y social.', '', '', '', 88524524),
(242, '240202501-INTERACTUAR EN LENGUA INGLESA DE FORMA ORAL Y ESCRITA DENTRO DE\nCONTEXTOS SOCIALES Y LABORALES SEG?N LOS CRITERIOS ESTABLECIDOS\nPOR EL MARCO COM?N EUROPEO DE REFERENCIA PARA LAS LENGUAS.', '', '', '', 88524524),
(243, '240201064-Orientar investigaci?n formativa seg?n referentes t?cnicos', '', '', '', 88524524),
(244, '220501085-Pos producir la animaci?n de acuerdo con las especificaciones del proyecto y\nprocedimientos t?cnicos', '', '', '', 88524524),
(245, '999999999-RESULTADOS DE APRENDIZAJE ETAPA PRACTICA', '', '', '', 88524524),
(246, '240201528-Razonar cuantitativamente frente a situaciones susceptibles de ser abordadas de manera\nmatem?tica en contextos laborales, sociales y personales.', '', '', '', 88524524),
(247, '240201530-Resultado de Aprendizaje de la Inducci?n.', '', '', '', 88524524),
(248, '220501046-Utilizar herramientas inform?ticas de acuerdo con las necesidades de manejo de\ninformaci?n', '', '', '', 88524524),
(249, '220201501-03 VERIFICAR LAS TRANSFORMACIONES F?SICAS DE LA MATERIA UTILIZANDO HERRAMIENTAS\nTECNOL?GICAS.', '', '', '', 88524535),
(250, '220201501-02 SOLUCIONAR PROBLEMAS ASOCIADOS CON EL SECTOR PRODUCTIVOS CON BASE EN LOS\nPRINCIPIOS Y LEYES DE LA F?SICA', '', '', '', 88524535),
(251, '220201501-04 PROPONER ACCIONES DE MEJORA EN LOS PROCESOS PRODUCTIVOS DE ACUERDO CON LOS\nPRINCIPIOS Y LEYES DE LA F?SICA', '', '', '', 88524535),
(252, '220201501-01 IDENTIFICAR LOS PRINCIPIOS Y LEYES DE LA F?SICA EN LA SOLUCI?N DE PROBLEMAS DE\nACUERDO AL CONTEXTO PRODUCTIVO.', '', '', '', 88524535),
(253, '220601501-03 REALIZAR SEGUIMIENTO Y ACOMPA?AMIENTO AL DESARROLLO DE LOS PLANES Y PROGRAMAS\nAMBIENTALES Y SST, SEG?N EL ?REA DE DESEMPE?O.', '', '', '', 88524535),
(254, '220601501-01 ANALIZAR LAS ESTRATEGIAS PARA LA PREVENCI?N Y CONTROL DE LOS IMPACTOS\nAMBIENTALES Y DE LOS ACCIDENTES Y ENFERMEDADES LABORALES (ATEL) DE ACUERDO CON LAS\nPOL?TICAS ORGANIZACIONALES Y EL ENTORNO SOCIAL.', '', '', '', 88524535),
(255, '220601501-04 PROPONER ACCIONES DE MEJORA PARA EL MANEJO AMBIENTAL Y EL CONTROL DE LA SST, DE\nACUERDO CON ESTRATEGIAS DE TRABAJO, COLABORATIVO, COOPERATIVO Y COORDINADO EN EL\nCONTEXTO PRODUCTIVO Y SOCIAL.', '', '', '', 88524535),
(256, '220601501-02 IMPLEMENTAR ESTRATEGIAS PARA EL CONTROL DE LOS IMPACTOS AMBIENTALES Y DE LOS\nACCIDENTES Y ENFERMEDADES DE ACUERDO CON LOS PLANES Y PROGRAMAS ESTABLECIDOS POR LA\nORGANIZACI?N.', '', '', '', 88524535),
(257, '240201524-01 ANALIZAR LOS COMPONENTES DE LA COMUNICACI?N SEG?N SUS CARACTER?STICAS,\nINTENCIONALIDAD Y CONTEXTO.', '', '', '', 88524535),
(258, '240201524-02 ARGUMENTAR EN FORMA ORAL Y ESCRITA ATENDIENDO LAS EXIGENCIAS Y PARTICULARIDADES\nDE LAS DIVERSAS SITUACIONES COMUNICATIVAS MEDIANTE LOS DISTINTOS SISTEMAS DE', '', '', '', 88524535),
(259, '240201524-03 RELACIONAR LOS PROCESOS COMUNICATIVOS TENIENDO EN CUENTA CRITERIOS DE L?GICA Y\nRACIONALIDAD', '', '', '', 88524535),
(260, '240201524-04 ESTABLECER PROCESOS DE ENRIQUECIMIENTO LEXICAL Y ACCIONES DE MEJORAMIENTO EN EL\nDESARROLLO DE PROCESOS COMUNICATIVOS SEG?N REQUERIMIENTOS DEL CONTEXTO.', '', '', '', 88524535),
(261, '291301078-01 MAQUETAR PIEZAS GR?FICAS SEG?N CARACTER?STICAS T?CNICAS Y COMPOSICI?N DEL\nPROYECTO.', '', '', '', 88524535),
(262, '291301078-02 ARMAR PIEZAS GR?FICAS EN SOFTWARE ESPECIALIZADO SEG?N PROYECTO APROBADO.', '', '', '', 88524535),
(263, '291301078-03 GENERAR ARCHIVOS FINALES DE ACUERDO CON LAS CARACTER?STICAS T?CNICAS DEL MEDIO\nDE SALIDA.', '', '', '', 88524535),
(264, '291301077-05 ENTREGAR PRODUCTO APROBADO POR EL CLIENTE DE ACUERDO CON LAS CARACTER?STICAS\nDEL MEDIO DE SALIDA.', '', '', '', 88524535),
(265, '291301077-02 PREPARAR ESTRATEGIAS DE PRODUCCI?N SEG?N METODOLOG?AS DE GESTI?N DE', '', '', '', 88524535),
(266, '291301077-04 DESARROLLAR PROTOTIPO DE DISE?O MEDIANTE LOS RECURSOS T?CNICOS Y TECNOL?GICOS\nSEG?N LA RETROALIMENTACI?N Y APROBACI?N DEL CLIENTE.', '', '', '', 88524535),
(267, '291301077-03 ELABORAR BOCETOS TENIENDO EN CUENTA EL BRIEF, L?NEA DE DISE?O Y DERECHOS DE', '', '', '', 88524535),
(268, '291301077-01 IDENTIFICAR LA INFORMACI?N SUMINISTRADA DEL PROYECTO DE DISE?O SEG?N\nCARACTER?STICAS DEL BRIEF.', '', '', '', 88524535),
(269, '291301083-04 FINALIZAR ILUSTRACI?N MEDIANTE RECURSOS T?CNICOS, TECNOL?GICOS Y PAR?METROS DEL BRIEF.', '', '', '', 88524535),
(270, '291301083-05 INTERVENIR LOS ARCHIVOS DE LAS IM?GENES DIGITALES SEG?N EL MEDIO DE SALIDA.', '', '', '', 88524535),
(271, '291301083-03 APLICAR T?CNICAS EN EL DESARROLLO DE LA ILUSTRACI?N DE ACUERDO CON EL BOCETO APROBADO.', '', '', '', 88524535),
(272, '291301083-06 VERIFICAR ARCHIVOS DIGITALES SEG?N MEDIO DE SALIDA.', '', '', '', 88524535),
(273, '291301083-02 DIGITALIZAR IM?GENES CON EQUIPOS TECNOL?GICOS SEG?N REQUERIMIENTOS DEL PROYECTO DE\nDISE?O Y SOFTWARE ESPECIALIZADO.', '', '', '', 88524535),
(274, '291301083-01 ALISTAR DISPOSITIVOS DE CAPTURA Y MATERIALES DE ILUSTRACI?N, SEG?N ESPECIFICACIONES\nT?CNICAS DEL DISE?O', '', '', '', 88524535),
(275, '210201501-03- Practicar los derechos fundamentales en el trabajo de acuerdo con la Constituci?n Pol?tica y los Convenios\nInternacionales.', '', '', '', 88524535),
(276, '210201501-02- Valorar la importancia de la ciudadan?a laboral con base en el estudio de los derechos humanos y fundamentales en el\ntrabajo.', '', '', '', 88524535),
(277, '210201501-01- Reconocer el trabajo como factor de movilidad social y transformaci?n vital con referencia a la fenomenolog?a y a los\nderechos fundamentales en el trabajo.', '', '', '', 88524535),
(278, '210201501-04- Participar en acciones solidarias teniendo en cuenta el ejercicio de los derechos humanos, de los pueblos y de la\nnaturaleza.', '', '', '', 88524535),
(279, '291301081-05 PUBLICAR ARCHIVOS A TRAV?S DE LA PLATAFORMA DE DISTRIBUCI?N.', '', '', '', 88524535),
(280, '291301081-04 GENERAR ARCHIVOS DE ACUERDO CON EL DISPOSITIVO DE SALIDA.', '', '', '', 88524535),
(281, '291301081-01 DETERMINAR RECURSOS Y PROCEDIMIENTOS NECESARIOS EN EL DESARROLLO DE LA\nPUBLICACI?N DIGITAL.', '', '', '', 88524535),
(282, '291301081-02 ELABORAR PROTOTIPO DE DISE?O E INTERACCI?N DE ACUERDO CON PROYECTO EDITORIAL.', '', '', '', 88524535),
(283, '291301081-06 VERIFICAR LA FUNCIONALIDAD DE LA PUBLICACI?N SEG?N EL DISPOSITIVO DE SALIDA.', '', '', '', 88524535),
(284, '291301081-03 INTEGRAR ELEMENTOS MULTIMEDIA EN SOFTWARE ESPECIALIZADOS SEG?N EL DISPOSITIVO\nDE SALIDA', '', '', '', 88524535),
(285, '240201526-01 PROMOVER MI DIGNIDAD Y LA DEL OTRO A PARTIR DE LOS PRINCIPIOS Y VALORES ?TICOS\nCOMO APORTE EN LA INSTAURACI?N DE UNA CULTURA DE PAZ', '', '', '', 88524535),
(286, '240201526-02 ESTABLECER RELACIONES DE CRECIMIENTO PERSONAL Y COMUNITARIO A PARTIR DEL BIEN\nCOM?N COMO APORTE PARA EL DESARROLLO SOCIAL.', '', '', '', 88524535),
(287, '240201526-03 PROMOVER EL USO RACIONAL DE LOS RECURSOS NATURALES A PARTIR DE CRITERIOS DE\nSOSTENIBILIDAD Y SUSTENTABILIDAD ?TICA Y NORMATIVA VIGENTE', '', '', '', 88524535),
(288, '240201526-04 CONTRIBUIR CON EL FORTALECIMIENTO DE LA CULTURA DE PAZ A PARTIR DE LA DIGNIDAD\nHUMANA Y LAS ESTRATEGIAS PARA LA TRANSFORMACI?N DE CONFLICTOS', '', '', '', 88524535),
(289, '230101507-04 IMPLEMENTAR UN PLAN DE ERGONOM?A Y PAUSAS ACTIVAS SEG?N LAS CARACTER?STICAS DE\nLA FUNCI?N\nPRODUCTIVA.', '', '', '', 88524535),
(290, '230101507-02 PRACTICAR H?BITOS SALUDABLES MEDIANTE LA APLICACI?N DE FUNDAMENTOS DE NUTRICI?N\nE HIGIENE.', '', '', '', 88524535),
(291, '230101507-03 EJECUTAR ACTIVIDADES DE ACONDICIONAMIENTO F?SICO ORIENTADAS HACIA EL\nMEJORAMIENTO DE LA\nCONDICI?N F?SICA EN LOS CONTEXTOS PRODUCTIVO Y SOCIAL.', '', '', '', 88524535),
(292, '230101507-01 DESARROLLAR HABILIDADES PSICOMOTRICES EN EL CONTEXTO PRODUCTIVO Y SOCIAL.', '', '', '', 88524535),
(293, '240201529-04 VALORAR LA PROPUESTA DE NEGOCIO CONFORME CON SU ESTRUCTURA Y NECESIDADES DEL\nSECTOR PRODUCTIVO Y SOCIAL', '', '', '', 88524535),
(294, '240201529-02 CARACTERIZAR LA IDEA DE NEGOCIO TENIENDO EN CUENTA LAS OPORTUNIDADES Y\nNECESIDADES DEL SECTOR PRODUCTIVO Y SOCIAL', '', '', '', 88524535),
(295, '240201529-03 ESTRUCTURAR EL PLAN DE NEGOCIO DE ACUERDO CON LAS CARACTER?STICAS\nEMPRESARIALES Y TENDENCIAS DE MERCADO', '', '', '', 88524535),
(296, '240201529-01 INTEGRAR ELEMENTOS DE LA CULTURA EMPRENDEDORA TENIENDO EN CUENTA EL PERFIL\nPERSONAL Y EL CONTEXTO DE DESARROLLO SOCIAL', '', '', '', 88524535),
(297, '240202501-03 DISCUTIR SOBRE POSIBLES SOLUCIONES A PROBLEMAS DENTRO DE UN RANGO VARIADO DE\nCONTEXTOS SOCIALES Y LABORALES.', '', '', '', 88524535),
(298, '240202501-04 IMPLEMENTAR ACCIONES DE MEJORA RELACIONADAS CON EL USO DE EXPRESIONES,\nESTRUCTURAS Y DESEMPE?O SEG?N LOS RESULTADOS DE APRENDIZAJE FORMULADOS PARA EL', '', '', '', 88524535),
(299, '240202501-01 COMPRENDER INFORMACI?N SOBRE SITUACIONES COTIDIANAS Y LABORALES ACTUALES Y\nFUTURAS A TRAV?S DE INTERACCIONES SOCIALES DE FORMA ORAL Y ESCRITA.', '', '', '', 88524535),
(300, '240202501-06 EXPLICAR LAS FUNCIONES DE SU OCUPACI?N LABORAL USANDO EXPRESIONES DE ACUERDO\nAL NIVEL REQUERIDO POR EL PROGRAMA DE FORMACI?N.', '', '', '', 88524535),
(301, '240202501-05 PRESENTAR UN PROCESO PARA LA REALIZACI?N DE UNA ACTIVIDAD EN SU QUEHACER\nLABORAL DE ACUERDO CON LOS PROCEDIMIENTOS ESTABLECIDOS DESDE SU PROGRAMA DE FORMACI?N.', '', '', '', 88524535),
(302, '240202501-02 INTERCAMBIAR OPINIONES SOBRE SITUACIONES COTIDIANAS Y LABORALES ACTUALES,\nPASADAS Y FUTURAS EN CONTEXTOS SOCIALES ORALES Y ESCRITOS.', '', '', '', 88524535),
(303, '240201064-01 ANALIZAR EL CONTEXTO PRODUCTIVO SEG?N SUS CARACTER?STICAS Y NECESIDADES', '', '', '', 88524535),
(304, '240201064-03 ARGUMENTAR ASPECTOS TE?RICOS DEL PROYECTO SEG?N REFERENTES NACIONALES E\nINTERNACIONALES', '', '', '', 88524535),
(305, '240201064-02 ESTRUCTURAR EL PROYECTO DE ACUERDO A CRITERIOS DE LA INVESTIGACI?N.', '', '', '', 88524535),
(306, '240201064-04 PROPONER SOLUCIONES A LAS NECESIDADES DEL CONTEXTO SEG?N RESULTADOS DE LA\nINVESTIGACI?N.', '', '', '', 88524535),
(307, '999999999-APLICAR EN LA RESOLUCI?N DE PROBLEMAS REALES DEL SECTOR PRODUCTIVO, LOS CONOCIMIENTOS,\nHABILIDADES Y DESTREZAS PERTINENTES A LAS COMPETENCIAS DEL PROGRAMA DE FORMACI?N\nASUMIENDO ESTRATEGIAS Y METODOLOG?AS DE AUTOGESTI?N', '', '', '', 88524535),
(308, '240201528-01 IDENTIFICAR MODELOS MATEM?TICOS DE ACUERDO CON LOS REQUERIMIENTOS DEL\nPROBLEMA PLANTEADO EN CONTEXTOS SOCIALES Y PRODUCTIVO', '', '', '', 88524535),
(309, '240201528-03 RESOLVER PROBLEMAS MATEM?TICOS A PARTIR DE SITUACIONES GENERADAS EN EL\nCONTEXTO SOCIAL Y PRODUCTIVO', '', '', '', 88524535),
(310, '240201528-04 PROPONER ACCIONES DE MEJORA FRENTE A LOS RESULTADOS DE LOS PROCEDIMIENTOS\nMATEM?TICOS DE ACUERDO CON EL PROBLEMA PLANTEADO', '', '', '', 88524535),
(311, '240201528-02 PLANTEAR PROBLEMAS MATEM?TICOS A PARTIR DE SITUACIONES GENERADAS EN EL\nCONTEXTO SOCIAL Y PRODUCTIVO', '', '', '', 88524535),
(312, '240201530-01 IDENTIFICAR LA DIN?MICA ORGANIZACIONAL DEL SENA Y EL ROL DE LA FORMACI?N\nPROFESIONAL INTEGRAL DE ACUERDO CON SU PROYECTO DE VIDA Y EL DESARROLLO PROFESIONAL.', '', '', '', 88524535),
(313, '220501046-03 EVALUAR LOS RESULTADOS, DE ACUERDO CON LOS REQUERIMIENTOS.', '', '', '', 88524535),
(314, '220501046-02 APLICAR FUNCIONALIDADES DE HERRAMIENTAS Y SERVICIOS TIC, DE ACUERDO CON MANUALES\nDE USO, PROCEDIMIENTOS ESTABLECIDOS Y BUENAS PR?CTICAS.', '', '', '', 88524535),
(315, '220501046-04 OPTIMIZAR LOS RESULTADOS, DE ACUERDO CON LA VERIFICACI?N', '', '', '', 88524535),
(316, '220501046-01 ALISTAR HERRAMIENTAS DE TECNOLOG?AS DE LA INFORMACI?N Y LA COMUNICACI?N (TIC), DE\nACUERDO CON LAS NECESIDADES DE PROCESAMIENTO DE INFORMACI?N Y COMUNICACI?N.', '', '', '', 88524535),
(317, '220201501-APLICACI?N DE CONOCIMIENTOS DE LAS CIENCIAS NATURALES DE ACUERDO\nCON SITUACIONES DEL CONTEXTO PRODUCTIVO Y SOCIAL.', '', '', '', 88524525),
(318, '220601501-APLICAR PR?CTICAS DE PROTECCI?N AMBIENTAL, SEGURIDAD Y SALUD EN EL\nTRABAJO DE ACUERDO CON LAS POL?TICAS ORGANIZACIONALES Y LA\nNORMATIVIDAD VIGENTE.', '', '', '', 88524525),
(319, '240201524-DESARROLLAR PROCESOS DE COMUNICACI?N EFICACES Y EFECTIVOS,\nTENIENDO EN CUENTA SITUACIONES DE ORDEN SOCIAL, PERSONAL Y', '', '', '', 88524525),
(320, '250201020-Editar contenidos audiovisuales seg?n t?cnicas y lineamientos creativos', '', '', '', 88524525),
(321, '210201501-Ejercer derechos fundamentales del trabajo en el marco de la constituci?n pol?tica y los\nconvenios internacionales.', '', '', '', 88524525),
(322, '240201526-Enrique Low Murtra-Interactuar en el contexto productivo y social de acuerdo con\nprincipios ?ticos para la construcci?n de una cultura de paz.', '', '', '', 88524525),
(323, '250201016-Escribir guiones audiovisuales seg?n t?cnicas y metodolog?as', '', '', '', 88524525),
(324, '230101507-GENERAR H?BITOS SALUDABLES DE VIDA MEDIANTE LA APLICACI?N DE\nPROGRAMAS DE ACTIVIDAD F?SICA EN LOS CONTEXTOS PRODUCTIVOS Y\nSOCIALES.', '', '', '', 88524525),
(325, '240201529-Gestionar procesos propios de la cultura emprendedora y empresarial de acuerdo con el\nperfil personal y los requerimientos de los contextos productivo y social.', '', '', '', 88524525),
(326, '240202501-INTERACTUAR EN LENGUA INGLESA DE FORMA ORAL Y ESCRITA DENTRO DE\nCONTEXTOS SOCIALES Y LABORALES SEG?N LOS CRITERIOS ESTABLECIDOS\nPOR EL MARCO COM?N EUROPEO DE REFERENCIA PARA LAS LENGUAS.', '', '', '', 88524525),
(327, '999999999-RESULTADOS DE APRENDIZAJE ETAPA PRACTICA', '', '', '', 88524525),
(328, '240201528-Razonar cuantitativamente frente a situaciones susceptibles de ser abordadas de manera\nmatem?tica en contextos laborales, sociales y personales.', '', '', '', 88524525),
(329, '250201017-Registrar im?genes de acuerdo con elementos t?cnicos y especificaciones del proyecto\naudiovisual', '', '', '', 88524525),
(330, '250201019-Registrar sonidos de acuerdo con t?cnicas y especificaciones del proyecto audiovisual', '', '', '', 88524525),
(331, '240201530-Resultado de Aprendizaje de la Inducci?n.', '', '', '', 88524525),
(332, '220501046-Utilizar herramientas inform?ticas de acuerdo con las necesidades de manejo de\ninformaci?n', '', '', '', 88524525),
(333, '220201501-APLICACI?N DE CONOCIMIENTOS DE LAS CIENCIAS NATURALES DE ACUERDO\nCON SITUACIONES DEL CONTEXTO PRODUCTIVO Y SOCIAL.', '', '', '', 88524536),
(334, '220601501-APLICAR PR?CTICAS DE PROTECCI?N AMBIENTAL, SEGURIDAD Y SALUD EN EL\nTRABAJO DE ACUERDO CON LAS POL?TICAS ORGANIZACIONALES Y LA\nNORMATIVIDAD VIGENTE.', '', '', '', 88524536),
(335, '240201524-DESARROLLAR PROCESOS DE COMUNICACI?N EFICACES Y EFECTIVOS,\nTENIENDO EN CUENTA SITUACIONES DE ORDEN SOCIAL, PERSONAL Y', '', '', '', 88524536),
(336, '291301083-Editar im?genes de acuerdo con criterios de comunicaci?n y t?cnicas de edici?n', '', '', '', 88524536),
(337, '210201501-Ejercer derechos fundamentales del trabajo en el marco de la constituci?n pol?tica y los\nconvenios internacionales.', '', '', '', 88524536),
(338, '240201526-Enrique Low Murtra-Interactuar en el contexto productivo y social de acuerdo con\nprincipios ?ticos para la construcci?n de una cultura de paz.', '', '', '', 88524536),
(339, '230101507-GENERAR H?BITOS SALUDABLES DE VIDA MEDIANTE LA APLICACI?N DE\nPROGRAMAS DE ACTIVIDAD F?SICA EN LOS CONTEXTOS PRODUCTIVOS Y\nSOCIALES.', '', '', '', 88524536),
(340, '240201529-Gestionar procesos propios de la cultura emprendedora y empresarial de acuerdo con el\nperfil personal y los requerimientos de los contextos productivo y social.', '', '', '', 88524536),
(341, '240202501-INTERACTUAR EN LENGUA INGLESA DE FORMA ORAL Y ESCRITA DENTRO DE\nCONTEXTOS SOCIALES Y LABORALES SEG?N LOS CRITERIOS ESTABLECIDOS\nPOR EL MARCO COM?N EUROPEO DE REFERENCIA PARA LAS LENGUAS.', '', '', '', 88524536),
(342, '250201018-Iluminar espacios escenogr?ficos seg?n t?cnicas y requerimientos del proyecto creativo', '', '', '', 88524536),
(343, '240201064-Orientar investigaci?n formativa seg?n referentes t?cnicos', '', '', '', 88524536),
(344, '291301080-Producir im?genes fotogr?ficas de acuerdo con la intenci?n comunicativa y las\nespecificaciones t?cnicas', '', '', '', 88524536),
(345, '999999999-RESULTADOS DE APRENDIZAJE ETAPA PRACTICA', '', '', '', 88524536),
(346, '240201528-Razonar cuantitativamente frente a situaciones susceptibles de ser abordadas de manera\nmatem?tica en contextos laborales, sociales y personales.', '', '', '', 88524536),
(347, '240201530-Resultado de Aprendizaje de la Inducci?n.', '', '', '', 88524536),
(348, '220501046-Utilizar herramientas inform?ticas de acuerdo con las necesidades de manejo de\ninformaci?n', '', '', '', 88524536),
(349, '291301070-ALISTAR ARCHIVOS PARA LA IMPRESI?N DIGITAL DE ACUERDO CON LA\nTIPOLOG?A DEL PRODUCTO GR?FICO', '', '', '', 88524526),
(350, '220201501-APLICACI?N DE CONOCIMIENTOS DE LAS CIENCIAS NATURALES DE ACUERDO\nCON SITUACIONES DEL CONTEXTO PRODUCTIVO Y SOCIAL.', '', '', '', 88524526),
(351, '220601501-APLICAR PR?CTICAS DE PROTECCI?N AMBIENTAL, SEGURIDAD Y SALUD EN EL\nTRABAJO DE ACUERDO CON LAS POL?TICAS ORGANIZACIONALES Y LA\nNORMATIVIDAD VIGENTE.', '', '', '', 88524526),
(352, '291301097-Alistar material de impresi?n de acuerdo con m?todo y ficha t?cnica', '', '', '', 88524526),
(353, '240201524-DESARROLLAR PROCESOS DE COMUNICACI?N EFICACES Y EFECTIVOS,\nTENIENDO EN CUENTA SITUACIONES DE ORDEN SOCIAL, PERSONAL Y', '', '', '', 88524526),
(354, '210201501-Ejercer derechos fundamentales del trabajo en el marco de la constituci?n pol?tica y los\nconvenios internacionales.', '', '', '', 88524526),
(355, '240201526-Enrique Low Murtra-Interactuar en el contexto productivo y social de acuerdo con\nprincipios ?ticos para la construcci?n de una cultura de paz.', '', '', '', 88524526),
(356, '230101507-GENERAR H?BITOS SALUDABLES DE VIDA MEDIANTE LA APLICACI?N DE\nPROGRAMAS DE ACTIVIDAD F?SICA EN LOS CONTEXTOS PRODUCTIVOS Y\nSOCIALES.', '', '', '', 88524526),
(357, '240201529-Gestionar procesos propios de la cultura emprendedora y empresarial de acuerdo con el\nperfil personal y los requerimientos de los contextos productivo y social.', '', '', '', 88524526),
(358, '240202501-INTERACTUAR EN LENGUA INGLESA DE FORMA ORAL Y ESCRITA DENTRO DE\nCONTEXTOS SOCIALES Y LABORALES SEG?N LOS CRITERIOS ESTABLECIDOS\nPOR EL MARCO COM?N EUROPEO DE REFERENCIA PARA LAS LENGUAS.', '', '', '', 88524526),
(359, '291301072-OPERAR EL EQUIPO DE IMPRESI?N DIGITAL DE ACUERDO CON LAS\nINSTRUCCIONES DEL FABRICANTE.', '', '', '', 88524526),
(360, '291301601-OPERAR EN EL PROCESO GR?FICO EN CONDICIONES DE SEGURIDAD, CALIDAD Y\nPRODUCTIVIDAD. C?DIGO UC0200_2. INCUAL.', '', '', '', 88524526),
(361, '999999999-RESULTADOS DE APRENDIZAJE ETAPA PRACTICA', '', '', '', 88524526),
(362, '240201528-Razonar cuantitativamente frente a situaciones susceptibles de ser abordadas de manera\nmatem?tica en contextos laborales, sociales y personales.', '', '', '', 88524526),
(363, '240201530-Resultado de Aprendizaje de la Inducci?n.', '', '', '', 88524526),
(364, '220501046-Utilizar herramientas inform?ticas de acuerdo con las necesidades de manejo de\ninformaci?n', '', '', '', 88524526),
(369, '220201501-APLICACI?N DE CONOCIMIENTOS DE LAS CIENCIAS NATURALES DE ACUERDO\nCON SITUACIONES DEL CONTEXTO PRODUCTIVO Y SOCIAL.', '', '', '', 88524527),
(370, '220601501-APLICAR PR?CTICAS DE PROTECCI?N AMBIENTAL, SEGURIDAD Y SALUD EN EL\nTRABAJO DE ACUERDO CON LAS POL?TICAS ORGANIZACIONALES Y LA\nNORMATIVIDAD VIGENTE.', '', '', '', 88524527),
(371, '291301097-Alistar material de impresi?n de acuerdo con m?todo y ficha t?cnica', '', '', '', 88524527),
(372, '291301087-Controlar proceso de impresi?n seg?n m?todos de medici?n y especificaciones t?cnicas', '', '', '', 88524527),
(373, '240201524-DESARROLLAR PROCESOS DE COMUNICACI?N EFICACES Y EFECTIVOS,\nTENIENDO EN CUENTA SITUACIONES DE ORDEN SOCIAL, PERSONAL Y', '', '', '', 88524527),
(374, '210201501-Ejercer derechos fundamentales del trabajo en el marco de la constituci?n pol?tica y los\nconvenios internacionales.', '', '', '', 88524527),
(375, '240201526-Enrique Low Murtra-Interactuar en el contexto productivo y social de acuerdo con\nprincipios ?ticos para la construcci?n de una cultura de paz.', '', '', '', 88524527),
(376, '230101507-GENERAR H?BITOS SALUDABLES DE VIDA MEDIANTE LA APLICACI?N DE\nPROGRAMAS DE ACTIVIDAD F?SICA EN LOS CONTEXTOS PRODUCTIVOS Y\nSOCIALES.', '', '', '', 88524527),
(377, '240201529-Gestionar procesos propios de la cultura emprendedora y empresarial de acuerdo con el\nperfil personal y los requerimientos de los contextos productivo y social.', '', '', '', 88524527),
(378, '291301109-Grabar el portador de imagen de acuerdo con especificaciones t?cnicas', '', '', '', 88524527),
(379, '240202501-INTERACTUAR EN LENGUA INGLESA DE FORMA ORAL Y ESCRITA DENTRO DE\nCONTEXTOS SOCIALES Y LABORALES SEG?N LOS CRITERIOS ESTABLECIDOS\nPOR EL MARCO COM?N EUROPEO DE REFERENCIA PARA LAS LENGUAS.', '', '', '', 88524527),
(380, '291301107-Imprimir piezas gr?ficas de acuerdo con m?todo serigr?fico y manual del fabricante', '', '', '', 88524527),
(381, '291301601-OPERAR EN EL PROCESO GR?FICO EN CONDICIONES DE SEGURIDAD, CALIDAD Y\nPRODUCTIVIDAD. C?DIGO UC0200_2. INCUAL.', '', '', '', 88524527),
(382, '999999999-RESULTADOS DE APRENDIZAJE ETAPA PRACTICA', '', '', '', 88524527),
(383, '240201528-Razonar cuantitativamente frente a situaciones susceptibles de ser abordadas de manera\nmatem?tica en contextos laborales, sociales y personales.', '', '', '', 88524527),
(384, '240201530-Resultado de Aprendizaje de la Inducci?n.', '', '', '', 88524527),
(385, '220501046-Utilizar herramientas inform?ticas de acuerdo con las necesidades de manejo de\ninformaci?n', '', '', '', 88524527),
(386, '291301052-DIAGRAMAR PIEZAS GRAFICAS DE ACUERDO CON EL MEDIO DE SALIDA.', '', '', '', 88524528),
(387, '291301053-ELABORAR PRUEBAS DE COLOR SEG?N REQUERIMIENTO DEL CLIENTE.', '', '', '', 88524528),
(388, '291301601-OPERAR EN EL PROCESO GR?FICO EN CONDICIONES DE SEGURIDAD, CALIDAD Y\nPRODUCTIVIDAD. C?DIGO UC0200_2. INCUAL.', '', '', '', 88524528),
(389, '291301051-PREPARAR IM?GENES DIGITALES PARA LA DIAGRAMACI?N DE ACUERDO CON\nLAS ESPECIFICACIONES SOLICITDAS.', '', '', '', 88524528),
(390, '291301055-PRODUCIR MATRICES DE IMPRESI?N FLEXOGR?FICAS SEG?N ARCHIVOS\nAPROBADOS', '', '', '', 88524528),
(391, '291301054-PRODUCIR MATRICES DE IMPRESI?N OFFSET SEG?N ARCHIVOS APROBADOS', '', '', '', 88524528),
(392, '240201500-PROMOVER LA INTERACCI?N ID?NEA CONSIGO MISMO, CON LOS DEM?S Y CON\nLA NATURALEZA EN LOS CONTEXTOS LABORAL Y SOCIAL', '', '', '', 88524528),
(393, '999999999-RESULTADOS DE APRENDIZAJE ETAPA PRACTICA', '', '', '', 88524528),
(395, '220501028-ANALIZAR LA INFORMACI?N RECOLECTADA PARA DEFINIR LA TIPOLOG?A DE PROYECTO\nMULTIMEDIAL.TRABAJO DE ACUERDO CON LAS POL?TICAS ORGANIZACIONALES Y LA\nNORMATIVIDAD VIGENTE.', '', '', '', 88524523),
(396, '220501029-DISE?AR LA SOLUCI?N MULTIMEDIAL DE ACUERDO CON EL INFORME DE AN?LISIS DE LA\nINFORMACI?N RECOLECTADA.', '', '', '', 88524523),
(397, '220501030-INTEGRAR LOS ELEMENTOS MULTIMEDIALES DE ACUERDO CON UN DISE?O ESTABLECIDO.TENIENDO EN CUENTA SITUACIONES DE ORDEN SOCIAL, PERSONAL Y;', '', '', '', 88524523),
(398, '220501031-ENTREGAR LA APLICACI?N MULTIMEDIA PARA EVALUAR LA SATISFACCI?N DEL CLIENTE.', '', '', '', 88524523),
(399, '220501039-REALIZAR LA POST-PRODUCCI?N PARA GENERAR LA ANIMACI?N FINAL DE ACUERDO CON\nLAS ESPECIFICACIONES DEL PROYECTO.', '', '', '', 88524523),
(400, '240201500-PROMOVER LA INTERACCI?N ID?NEA CONSIGO MISMO, CON LOS DEM?S Y CON LA\nNATURALEZA EN LOS CONTEXTOS LABORAL Y SOCIAL', '', '', '', 88524523),
(401, '240201501-COMPRENDER TEXTOS EN INGL?S EN FORMA ESCRITA Y AUDITIVA', '', '', '', 88524523),
(402, '240201502-PRODUCIR TEXTOS EN INGL?S EN FORMA ESCRITA Y ORAL', '', '', '', 88524523),
(403, '260101021-REALIZAR NEGOCIACI?N CON LOS PROVEEDORES Y CLIENTES, SEG?N LOS OBJETIVOS Y ESTRATEGIAS ESTABLECIDAS POR LA ORGANIZACI?N. ', '', '', '', 88524523),
(404, '999999999-RESULTADOS DE APRENDIZAJE ETAPA PRACTICA', '', '', '', 88524523),
(405, '240201500-PROMOVER LA INTERACCI?N ID?NEA CONSIGO MISMO, CON LOS DEM?S Y CON LA NATURALEZA EN LOS CONTEXTOS LABORAL Y SOCIAL', '', '', '', 88524523),
(406, '240201501-COMPRENDER TEXTOS EN INGL?S EN FORMA ESCRITA Y AUDITIVA', '', '', '', 88524523),
(407, '240201502-PRODUCIR TEXTOS EN INGL?S EN FORMA ESCRITA Y ORAL', '', '', '', 88524523),
(408, '', '', '', '', 88524523),
(409, '220201501-APLICACI?N DE CONOCIMIENTOS DE LAS CIENCIAS NATURALES DE ACUERDO\nCON SITUACIONES DEL CONTEXTO PRODUCTIVO Y SOCIAL.', '', '', '', 88524529),
(410, '220601501-APLICAR PR?CTICAS DE PROTECCI?N AMBIENTAL, SEGURIDAD Y SALUD EN EL\nTRABAJO DE ACUERDO CON LAS POL?TICAS ORGANIZACIONALES Y LA\nNORMATIVIDAD VIGENTE.', '', '', '', 88524529),
(411, '220501096-DESARROLLAR LA SOLUCI?N DE SOFTWARE DE ACUERDO CON EL DISE?O Y\nMETODOLOG?AS DE DESARROLLO', '', '', '', 88524529),
(412, '240201524-DESARROLLAR PROCESOS DE COMUNICACI?N EFICACES Y EFECTIVOS,\nTENIENDO EN CUENTA SITUACIONES DE ORDEN SOCIAL, PERSONAL Y', '', '', '', 88524529),
(413, '210201501-Ejercer derechos fundamentales del trabajo en el marco de la constituci?n pol?tica y los\nconvenios internacionales.', '', '', '', 88524529),
(414, '240201526-Enrique Low Murtra-Interactuar en el contexto productivo y social de acuerdo con\nprincipios ?ticos para la construcci?n de una cultura de paz.', '', '', '', 88524529),
(415, '230101507-GENERAR H?BITOS SALUDABLES DE VIDA MEDIANTE LA APLICACI?N DE\nPROGRAMAS DE ACTIVIDAD F?SICA EN LOS CONTEXTOS PRODUCTIVOS Y\nSOCIALES.', '', '', '', 88524529),
(416, '240201529-Gestionar procesos propios de la cultura emprendedora y empresarial de acuerdo con el\nperfil personal y los requerimientos de los contextos productivo y social.', '', '', '', 88524529),
(417, '240202501-INTERACTUAR EN LENGUA INGLESA DE FORMA ORAL Y ESCRITA DENTRO DE\nCONTEXTOS SOCIALES Y LABORALES SEG?N LOS CRITERIOS ESTABLECIDOS\nPOR EL MARCO COM?N EUROPEO DE REFERENCIA PARA LAS LENGUAS.', '', '', '', 88524529),
(418, '220501097-Implementar la soluci?n de software de acuerdo con los requisitos de operaci?n y modelos\nde referencia', '', '', '', 88524529),
(419, '999999999-RESULTADOS DE APRENDIZAJE ETAPA PRACTICA', '', '', '', 88524529),
(420, '240201528-Razonar cuantitativamente frente a situaciones susceptibles de ser abordadas de manera\nmatem?tica en contextos laborales, sociales y personales.', '', '', '', 88524529),
(421, '240201530-Resultado de Aprendizaje de la Inducci?n.', '', '', '', 88524529),
(422, '220501046-Utilizar herramientas inform?ticas de acuerdo con las necesidades de manejo de\ninformaci?n', '', '', '', 88524529),
(423, '220601501-APLICAR PR?CTICAS DE PROTECCI?N AMBIENTAL, SEGURIDAD Y SALUD EN EL\nTRABAJO DE ACUERDO CON LAS POL?TICAS ORGANIZACIONALES Y LA\nNORMATIVIDAD VIGENTE.', '', '', '', 88524534),
(424, '260102011-Atender requerimientos de los clientes de acuerdo con procedimiento t?cnico y normativa\nde procesos de negocios', '', '', '', 88524534),
(425, '240201524-DESARROLLAR PROCESOS DE COMUNICACI?N EFICACES Y EFECTIVOS,\nTENIENDO EN CUENTA SITUACIONES DE ORDEN SOCIAL, PERSONAL Y', '', '', '', 88524534),
(426, '210201501-Ejercer derechos fundamentales del trabajo en el marco de la constituci?n pol?tica y los\nconvenios internacionales.', '', '', '', 88524534),
(427, '240201526-Enrique Low Murtra-Interactuar en el contexto productivo y social de acuerdo con\nprincipios ?ticos para la construcci?n de una cultura de paz.', '', '', '', 88524534),
(428, '230101507-GENERAR H?BITOS SALUDABLES DE VIDA MEDIANTE LA APLICACI?N DE\nPROGRAMAS DE ACTIVIDAD F?SICA EN LOS CONTEXTOS PRODUCTIVOS Y\nSOCIALES.', '', '', '', 88524534),
(429, '240201529-Gestionar procesos propios de la cultura emprendedora y empresarial de acuerdo con el\nperfil personal y los requerimientos de los contextos productivo y social.', '', '', '', 88524534),
(430, '220501103-IMPLEMENTAR LA RED F?SICA DE DATOS SEG?N DISE?O Y EST?NDARES', '', '', '', 88524534),
(431, '240202501-INTERACTUAR EN LENGUA INGLESA DE FORMA ORAL Y ESCRITA DENTRO DE\nCONTEXTOS SOCIALES Y LABORALES SEG?N LOS CRITERIOS ESTABLECIDOS\nPOR EL MARCO COM?N EUROPEO DE REFERENCIA PARA LAS LENGUAS.', '', '', '', 88524534),
(432, '220501001-Mantener equipos de c?mputo seg?n procedimiento t?cnico', '', '', '', 88524534),
(433, '999999999-RESULTADOS DE APRENDIZAJE ETAPA PRACTICA', '', '', '', 88524534),
(434, '240201528-', '', '', '', 88524534),
(435, '240201530-Resultado de Aprendizaje de la Inducci?n.', '', '', '', 88524534),
(436, '220501046-Utilizar herramientas inform?ticas de acuerdo con las necesidades de manejo de\ninformaci?n', '', '', '', 88524534),
(437, '220201501-APLICACI?N DE CONOCIMIENTOS DE LAS CIENCIAS NATURALES DE ACUERDO\nCON SITUACIONES DEL CONTEXTO PRODUCTIVO Y SOCIAL.', '', '', '', 88524533),
(438, '220601501-APLICAR PR?CTICAS DE PROTECCI?N AMBIENTAL, SEGURIDAD Y SALUD EN EL\nTRABAJO DE ACUERDO CON LAS POL?TICAS ORGANIZACIONALES Y LA\nNORMATIVIDAD VIGENTE.', '', '', '', 88524533),
(439, '291301085-COORDINAR LOS PROCESOS DE IMPRESI?N DE ACUERDO CON EL PLAN DE\nCONTROL Y PAR?METROS T?CNICOS', '', '', '', 88524533),
(440, '291301086-COORDINAR PROCESOS DE POSTIMPRESI?N DE ACUERDO CON PLAN DE\nCONTROL Y PAR?METROS T?CNICOS', '', '', '', 88524533),
(441, '220601020-Controlar la producci?n de acuerdo con m?todos t?cnicos y normativa', '', '', '', 88524533),
(442, '291301082-Coordinar los procesos de preimpresi?n de acuerdo con los par?metros t?cnicos y el\nmedio de salida.', '', '', '', 88524533),
(443, '240201524-DESARROLLAR PROCESOS DE COMUNICACI?N EFICACES Y EFECTIVOS,\nTENIENDO EN CUENTA SITUACIONES DE ORDEN SOCIAL, PERSONAL Y', '', '', '', 88524533),
(444, '210201501-Ejercer derechos fundamentales del trabajo en el marco de la constituci?n pol?tica y los convenios internacionales.', '', '', '', 88524533),
(445, '240201526-Enrique Low Murtra-Interactuar en el contexto productivo y social de acuerdo con principios ?ticos para la construcci?n de una cultura de paz.', '', '', '', 88524533),
(446, '230101507-GENERAR H?BITOS SALUDABLES DE VIDA MEDIANTE LA APLICACI?N DE\nPROGRAMAS DE ACTIVIDAD F?SICA EN LOS CONTEXTOS PRODUCTIVOS Y\nSOCIALES.', '', '', '', 88524533),
(447, '240201529-Gestionar procesos propios de la cultura emprendedora y empresarial de acuerdo con el\nperfil personal y los requerimientos de los contextos productivo y social.', '', '', '', 88524533),
(448, '240202501-INTERACTUAR EN LENGUA INGLESA DE FORMA ORAL Y ESCRITA DENTRO DE\nCONTEXTOS SOCIALES Y LABORALES SEG?N LOS CRITERIOS ESTABLECIDOS\nPOR EL MARCO COM?N EUROPEO DE REFERENCIA PARA LAS LENGUAS.', '', '', '', 88524533),
(449, '291301601-OPERAR EN EL PROCESO GR?FICO EN CONDICIONES DE SEGURIDAD, CALIDAD Y\nPRODUCTIVIDAD. C?DIGO UC0200_2. INCUAL.', '', '', '', 88524533),
(450, '240201064-Orientar investigaci?n formativa seg?n referentes t?cnicos', '', '', '', 88524533),
(451, '291301084-Planificar la elaboraci?n del producto gr?fico de acuerdo con especificaciones t?cnicas', '', '', '', 88524533),
(452, '999999999-RESULTADOS DE APRENDIZAJE ETAPA PRACTICA', '', '', '', 88524533),
(453, '240201528-Razonar cuantitativamente frente a situaciones susceptibles de ser abordadas de manera\nmatem?tica en contextos laborales, sociales y personales.', '', '', '', 88524533),
(454, '240201530-Resultado de Aprendizaje de la Inducci?n.', '', '', '', 88524533),
(455, '220601035-Supervisar procesos de producci?n de acuerdo con procedimientos t?cnicos', '', '', '', 88524533),
(456, '220501046-Utilizar herramientas inform?ticas de acuerdo con las necesidades de manejo de\ninformaci?n', '', '', '', 88524533);

-- --------------------------------------------------------

--
-- Estructura de tabla para la tabla `dias`
--

CREATE TABLE `dias` (
  `id` int(11) NOT NULL,
  `dia_s` varchar(100) NOT NULL
) ENGINE=InnoDB DEFAULT CHARSET=utf8mb4 COLLATE=utf8mb4_general_ci;

--
-- Volcado de datos para la tabla `dias`
--

INSERT INTO `dias` (`id`, `dia_s`) VALUES
(4, 'Jueves'),
(1, 'Lunes'),
(2, 'Martes'),
(3, 'Miercoles'),
(6, 'Sabado'),
(5, 'Viernes');

-- --------------------------------------------------------

--
-- Estructura de tabla para la tabla `ficha`
--

CREATE TABLE `ficha` (
  `ID_F` int(11) NOT NULL,
  `Nº ficha` varchar(11) NOT NULL,
  `fc_cant_aprend` int(11) NOT NULL,
  `fc_nivel` varchar(45) NOT NULL,
  `fc_instructor` varchar(45) NOT NULL,
  `fc_jornada` varchar(45) NOT NULL,
  `fc_tipo_formacion` varchar(45) NOT NULL,
  `fic_date_I` date NOT NULL,
  `fic_date_F` date NOT NULL,
  `inicio_prod` date NOT NULL,
  `fin_prod` date NOT NULL,
  `fc_id_programa` int(11) NOT NULL,
  `estatus_trim` int(11) NOT NULL DEFAULT 0
) ENGINE=InnoDB DEFAULT CHARSET=utf8mb4 COLLATE=utf8mb4_general_ci;

--
-- Volcado de datos para la tabla `ficha`
--

INSERT INTO `ficha` (`ID_F`, `Nº ficha`, `fc_cant_aprend`, `fc_nivel`, `fc_instructor`, `fc_jornada`, `fc_tipo_formacion`, `fic_date_I`, `fic_date_F`, `inicio_prod`, `fin_prod`, `fc_id_programa`, `estatus_trim`) VALUES
(86, '2502217', 30, 'Tecnico', 'NELSON ROGELIO  PRIETO DIAZ', 'Mixta', 'Presencial', '2022-04-18', '2023-01-17', '2023-01-18', '2023-07-17', 88524526, 1),
(87, '2558315', 30, 'Tecnico', 'ELIANA  GARNICA NAMEN', 'Diurna', 'Presencial', '2022-07-18', '2023-04-16', '2023-04-17', '2023-10-17', 88524526, 1),
(88, '2502227', 30, 'Tecnico', 'DIANA PATRÍCIA CUFIÑO PARRA', 'Diurna', 'Presencial', '2022-04-18', '2023-01-17', '2023-01-18', '2023-07-17', 88524528, 1),
(89, '2558345', 30, 'Tecnico', 'JOSE EDUARDO  OVALLE LEAL', 'Diurna', 'Presencial', '2022-01-17', '2023-04-16', '2023-04-17', '2023-10-17', 88524528, 1),
(90, '2530039', 30, 'Tecnico', 'JAVIER ENRIQUE  CARREÑO MUÑOZ', 'Mixta', 'Presencial', '2022-04-25', '2023-01-24', '2023-01-25', '2023-07-24', 88524531, 1),
(92, '2502223', 30, 'Tecnico', 'HENRY BELLO LOZANO', 'Mixta', 'Presencial', '2022-04-18', '2023-01-17', '2023-01-18', '2023-07-17', 88524527, 1),
(93, '2617728', 30, 'Tecnico', 'RICARDO  CAICEDO GOMEZ', 'Diurna', 'Presencial', '0000-00-00', '0000-00-00', '0000-00-00', '0000-00-00', 88524527, 1),
(94, '2530038', 30, 'Tecnico', 'HECTOR FABIO SANCHEZ MAZUERA', 'Mixta', 'Presencial', '2022-04-25', '2023-01-24', '2023-01-25', '2023-07-24', 88524530, 1),
(95, '2558319', 30, 'Tecnico', 'ANDRES FONSECA', 'Diurna', 'Presencial', '2022-07-18', '2023-04-16', '2023-04-17', '2023-10-17', 88524525, 1),
(96, '2502202', 30, 'Tecnico', 'JUAN FRANCISCO  MARTINEZ FRANCO', 'Diurna', 'Presencial', '2022-04-18', '2023-01-17', '2023-01-18', '2023-07-17', 88524525, 1),
(97, '2502199', 30, 'Tecnico', 'CRISTIAN CAMILO MORENO GARCIA', 'Mixta', 'Presencial', '2022-04-18', '2023-01-17', '2023-01-18', '2023-07-17', 88524525, 1),
(99, '2558326', 30, 'Tecnologo', 'DIEGO ANDRÉS  MURILLO ROZO', 'Diurna', 'Presencial', '2022-07-18', '2024-04-16', '2024-04-17', '2024-10-17', 88524535, 1),
(100, '2525170', 30, 'Tecnologo', 'DIEGO ANDRÉS  MURILLO ROZO', 'Diurna', 'Presencial', '2022-04-18', '2024-01-16', '2024-04-17', '2024-10-17', 88524535, 1),
(101, '2584772', 30, 'Tecnologo', 'JORGE ENRIQUE  VILLAFRADEZ PEÑA ', 'Diurna', 'Presencial', '2022-07-18', '2024-04-16', '2024-04-17', '2024-10-17', 88524535, 1),
(102, '2617724', 30, 'Tecnologo', 'ANA MARÍA  SASTRE CÁRDENAS', 'Diurna', 'Presencial', '0000-00-00', '0000-00-00', '0000-00-00', '0000-00-00', 88524535, 1),
(103, '2617723', 30, 'Tecnologo', 'ANA MARÍA  SASTRE CÁRDENAS', 'Mixta', 'Presencial', '0000-00-00', '0000-00-00', '0000-00-00', '0000-00-00', 88524535, 1),
(104, '2566864', 30, 'Tecnologo', 'CAMILO ANDRÉS RODRIGUEZ GETZAMÁ', 'Mixta', 'Presencial', '2022-07-18', '2024-04-16', '2024-04-17', '2024-10-17', 88524536, 1),
(105, '2532156', 30, 'Tecnologo', 'GUSTAVO ALONSO  SIABATO PIRACON', 'Diurna', 'Presencial', '2022-04-18', '2024-01-16', '2024-01-17', '2024-07-17', 88524533, 1),
(106, '2617726', 30, 'Tecnologo', 'RICARDO  MANTILLA ALAYÓN', 'Diurna', 'Presencial', '0000-00-00', '0000-00-00', '0000-00-00', '0000-00-00', 88524536, 1),
(107, '2558323', 30, 'Tecnologo', 'JORGE IVAN  CABRERA DURAN', 'Diurna', 'Presencial', '2022-07-18', '2024-01-16', '2024-01-17', '2024-07-17', 88524523, 1),
(108, '2532157', 30, 'Tecnologo', 'HERNAN ANDRES  FONSECA RAMIREZ', 'Diurna', 'Presencial', '2022-04-18', '2023-10-17', '2023-10-18', '2024-04-17', 88524523, 1),
(109, '2450052', 30, 'Tecnologo', 'VERÓNICA JOHANA  SUÁREZ MOLINA ', 'Diurna', 'Presencial', '2022-01-24', '2023-07-24', '2023-07-25', '2024-01-23', 88524523, 1),
(110, '2469489', 30, 'Tecnologo', 'JUAN FRANCISCO  LOPEZ DIAZ', 'Mixta', 'Presencial', '2022-01-24', '2023-07-22', '2023-07-23', '2024-01-23', 88524523, 1),
(111, '2525168', 30, 'Tecnologo', 'JUAN CARLOS  MARIN FAJARDO', 'Mixta', 'Presencial', '2022-04-18', '2024-01-16', '2024-01-17', '2024-02-17', 88524524, 1),
(112, '2502187', 30, 'Tecnologo', 'JULLIETH CATHERINE  GÁMEZ VARGAS', 'Diurna', 'Presencial', '2022-04-18', '2024-01-16', '2024-01-17', '2024-07-17', 88524524, 1),
(113, '2502196', 30, 'Tecnologo', 'OSCAR DARIO  RODRIGUEZ VILLOTA', 'Mixta', 'Presencial', '2022-04-18', '2024-01-16', '2024-01-17', '2024-07-17', 88524521, 1),
(114, '2450072', 30, 'Tecnologo', 'JULLIETH CATHERINE  GÁMEZ VARGAS', 'Mixta', 'Presencial', '2022-01-24', '2023-10-24', '2023-10-25', '2024-04-24', 88524524, 1),
(115, '2450019', 30, 'Tecnologo', 'OSCAR DARIO  RODRIGUEZ VILLOTA', 'Diurna', 'Presencial', '2022-01-24', '2023-10-24', '2023-10-25', '2024-04-23', 88524521, 1),
(116, '2532155', 30, 'Tecnologo', 'JHON MAURICIO  MORENO GARCIA', 'Nocturna', 'Presencial', '2022-04-18', '2024-01-16', '2024-01-17', '2024-07-17', 88524532, 1),
(117, '2558312', 30, 'Tecnico', 'OSWALDO  PEREZ MURILLO', 'Diurna', 'Presencial', '2022-07-18', '2023-01-16', '2023-01-17', '2023-07-17', 88524534, 1),
(118, '2617743', 30, 'Tecnico', 'JHON MAURICIO  MORENO GARCIA', 'Diurna', 'Presencial', '0000-00-00', '0000-00-00', '0000-00-00', '0000-00-00', 88524534, 1),
(119, '2526800', 30, 'Tecnico', 'JHON MAURICIO  MORENO GARCIA', 'Mixta', 'Presencial', '2022-04-18', '2023-01-16', '2023-01-17', '2023-07-17', 88524529, 1),
(120, '2558357', 30, 'Tecnico', 'LEIDY JOHANNA  CIFUENTES MARTINEZ ', 'Mixta', 'Presencial', '2022-07-18', '2023-04-16', '2023-04-17', '2023-10-17', 88524529, 1);

-- --------------------------------------------------------

--
-- Estructura de tabla para la tabla `horarios`
--

CREATE TABLE `horarios` (
  `id_hora` int(11) NOT NULL,
  `dia` int(11) DEFAULT NULL,
  `ficha` int(11) DEFAULT NULL,
  `instructor` int(11) DEFAULT NULL,
  `hora` int(11) DEFAULT NULL,
  `id_ambiente` int(11) DEFAULT NULL,
  `horas_instructor` int(11) NOT NULL DEFAULT 2,
  `id_trim_fch` int(11) DEFAULT NULL,
  `descripcion` varchar(100) DEFAULT NULL,
  `observaciones` text DEFAULT NULL
) ENGINE=InnoDB DEFAULT CHARSET=utf8mb4 COLLATE=utf8mb4_general_ci;

--
-- Volcado de datos para la tabla `horarios`
--

INSERT INTO `horarios` (`id_hora`, `dia`, `ficha`, `instructor`, `hora`, `id_ambiente`, `horas_instructor`, `id_trim_fch`, `descripcion`, `observaciones`) VALUES
(1113, 1, 115, 172, 3, 58, 2, 424, 'Lengua inglesa', ''),
(1114, 1, 115, 189, 4, 58, 2, 424, 'Proteccion ambiental', ''),
(1115, 1, 115, 187, 5, 64, 2, 424, 'Taller Acompañamiento', ''),
(1116, 1, 115, 187, 6, 64, 2, 424, 'Taller Acompañamiento', ''),
(1117, 2, 115, 187, 5, 64, 2, 424, 'Taller Acompañamiento', ''),
(1118, 2, 115, 187, 6, 64, 2, 424, 'Taller Acompañamiento', ''),
(1119, 3, 115, 187, 5, 64, 2, 424, 'Taller Acompañamiento', ''),
(1120, 3, 115, 187, 6, 64, 2, 424, 'Taller Acompañamiento', ''),
(1121, 4, 115, 187, 5, 64, 2, 424, 'Taller Acompañamiento', ''),
(1122, 4, 115, 187, 6, 64, 2, 424, 'Taller Acompañamiento', ''),
(1123, 5, 115, 184, 3, 64, 2, 424, 'Taller Acompañamiento', ''),
(1124, 5, 115, 184, 4, 64, 2, 424, 'Taller Acompañamiento', ''),
(1125, 5, 115, 149, 5, 67, 2, 424, 'Taller fotografia', ''),
(1126, 5, 115, 149, 6, 67, 2, 424, 'Taller fotografia', ''),
(1127, 3, 115, 143, 3, 58, 2, 424, 'Expresion oral', ''),
(1128, 3, 115, 143, 4, 58, 2, 424, 'Expresion oral', ''),
(1129, 2, 115, 159, 3, 58, 2, 424, 'Interactuar en el contexto productivo', ''),
(1130, 2, 115, 197, 4, 58, 2, 424, 'Fisica', ''),
(1131, 4, 115, 193, 3, 62, 2, 424, 'Investigacion formativa', ''),
(1132, 4, 115, 193, 4, 62, 2, 424, 'Investigacion formativa', ''),
(1167, 2, 86, 181, 7, 50, 2, 399, 'Taller Acompañamiento', ''),
(1168, 2, 86, 181, 8, 50, 2, 399, 'Taller Acompañamiento', ''),
(1169, 4, 86, 181, 7, 50, 2, 399, 'Taller Acompañamiento', ''),
(1170, 4, 86, 181, 8, 50, 2, 399, 'Taller Acompañamiento', ''),
(1171, 5, 86, 181, 7, 50, 2, 399, 'Taller Acompañamiento', ''),
(1172, 5, 86, 181, 8, 50, 2, 399, 'Taller Acompañamiento', ''),
(1174, 3, 86, 151, 7, 60, 2, 399, 'Derechos del trabajo', ''),
(1175, 3, 86, 175, 8, 60, 2, 399, 'Procesos propios de la cultura emprendedora', ''),
(1176, 1, 86, 139, 7, 59, 2, 399, 'COMUNICACION', ''),
(1177, 1, 86, 147, 8, 57, 2, 399, 'Lengua inglesa', ''),
(1178, 6, 86, 197, 2, 0, 2, 399, 'Aplicacion de conocimientos de las ciencias naturales ', ''),
(1183, 6, 86, 0, 3, 0, 2, 399, 'Cursos virtuales', ''),
(1184, 6, 86, 0, 4, 0, 2, 399, 'Cursos virtuales', ''),
(1187, 2, 87, 145, 3, 51, 2, 395, 'Taller Acompañamiento', ''),
(1188, 2, 87, 145, 4, 51, 2, 395, 'Taller Acompañamiento', ''),
(1189, 4, 87, 145, 5, 51, 2, 395, 'Taller Acompañamiento', ''),
(1190, 4, 87, 145, 6, 51, 2, 395, 'Taller Acompañamiento', ''),
(1191, 5, 87, 145, 5, 51, 2, 395, 'Taller Acompañamiento', ''),
(1192, 5, 87, 145, 6, 51, 2, 395, 'Taller Acompañamiento', ''),
(1193, 5, 87, 144, 4, 0, 2, 395, 'Generar habitos saludables', ''),
(1194, 4, 87, 172, 4, 60, 2, 395, 'Lengua inglesa', ''),
(1195, 4, 87, 139, 3, 59, 2, 395, 'COMUNICACION', ''),
(1196, 3, 87, 172, 3, 57, 2, 395, 'Lengua inglesa', ''),
(1197, 3, 87, 179, 5, 70, 2, 395, 'Acompañamiento presencial', ''),
(1198, 3, 87, 179, 6, 70, 2, 395, 'Acompañamiento presencial', ''),
(1199, 1, 87, 145, 5, 51, 2, 395, 'Taller Acompañamiento', ''),
(1200, 1, 87, 145, 6, 51, 2, 395, 'Taller Acompañamiento', ''),
(1201, 1, 87, 177, 3, 59, 2, 395, 'Derechos del trabajo', ''),
(1202, 1, 87, 198, 4, 60, 2, 395, 'Procesos propios de la cultura emprendedora', ''),
(1203, 2, 87, 159, 5, 57, 2, 395, 'Interactuar en el contexto productivo', ''),
(1204, 2, 87, 151, 6, 57, 2, 395, 'Proteccion ambiental', ''),
(1205, 2, 88, 141, 1, 50, 2, 417, 'Taller Acompañamiento', ''),
(1206, 2, 88, 141, 2, 50, 2, 417, 'Taller Acompañamiento', ''),
(1207, 3, 88, 141, 1, 50, 2, 417, 'Taller Acompañamiento', ''),
(1208, 3, 88, 141, 2, 50, 2, 417, 'Taller Acompañamiento', ''),
(1209, 5, 88, 141, 1, 50, 2, 417, 'Taller Acompañamiento', ''),
(1210, 5, 88, 141, 2, 50, 2, 417, 'Taller Acompañamiento', ''),
(1211, 1, 88, 179, 1, 70, 2, 417, 'Taller Acompañamiento', ''),
(1212, 1, 88, 179, 2, 70, 2, 417, 'Taller Acompañamiento', ''),
(1213, 2, 88, 143, 3, 57, 2, 417, 'COMUNICACION', ''),
(1214, 1, 88, 133, 4, 57, 2, 417, 'Lengua inglesa', ''),
(1215, 3, 88, 189, 4, 57, 2, 417, 'Salud Ocupacional', ''),
(1216, 4, 88, 141, 3, 50, 2, 417, 'Taller Acompañamiento', ''),
(1217, 4, 88, 141, 4, 50, 2, 417, 'Taller Acompañamiento', ''),
(1218, 4, 88, 133, 5, 57, 2, 417, 'Lengua inglesa', ''),
(1219, 4, 88, 177, 6, 57, 2, 417, 'Derechos del trabajo', ''),
(1220, 5, 88, 175, 3, 55, 2, 417, 'Emprendimiento', ''),
(1221, 1, 89, 162, 5, 52, 2, 413, 'Taller Acompañamiento', ''),
(1222, 1, 89, 162, 6, 52, 2, 413, 'Taller Acompañamiento', ''),
(1227, 2, 89, 162, 5, 51, 2, 413, 'Taller Acompañamiento', ''),
(1228, 2, 89, 162, 6, 51, 2, 413, 'Taller Acompañamiento', ''),
(1229, 5, 89, 162, 5, 61, 2, 413, 'Taller Acompañamiento', ''),
(1230, 5, 89, 162, 6, 61, 2, 413, 'Taller Acompañamiento', ''),
(1231, 3, 89, 162, 3, 52, 2, 413, 'Taller Acompañamiento', ''),
(1232, 3, 89, 162, 4, 52, 2, 413, 'Taller Acompañamiento', ''),
(1233, 4, 89, 179, 3, 52, 2, 413, 'Operar en el proceso grafico ', ''),
(1234, 4, 89, 179, 4, 52, 2, 413, 'Operar en el proceso grafico ', ''),
(1235, 1, 89, 177, 4, 55, 2, 413, 'Derechos del trabajo', ''),
(1236, 2, 89, 151, 4, 57, 2, 413, 'Salud Ocupacional', ''),
(1237, 5, 89, 172, 4, 59, 2, 413, 'Lengua inglesa', ''),
(1238, 4, 89, 144, 6, 0, 2, 413, 'Cultura Fisica', ''),
(1239, 4, 89, 159, 5, 58, 2, 413, 'Etica', ''),
(1240, 3, 89, 198, 6, 58, 2, 413, 'Emprendimiento', ''),
(1241, 3, 89, 139, 5, 58, 2, 413, 'COMUNICACION', ''),
(1242, 1, 90, 155, 7, 0, 2, 393, 'Taller Acompañamiento', ''),
(1243, 1, 90, 155, 8, 0, 2, 393, 'Taller Acompañamiento', ''),
(1244, 3, 90, 155, 7, 0, 2, 393, 'Taller Acompañamiento', ''),
(1245, 3, 90, 155, 8, 0, 2, 393, 'Taller Acompañamiento', ''),
(1246, 4, 90, 155, 7, 0, 2, 393, 'Taller Acompañamiento', ''),
(1247, 4, 90, 155, 8, 0, 2, 393, 'Taller Acompañamiento', ''),
(1248, 5, 90, 155, 7, 0, 2, 393, 'Taller Acompañamiento', ''),
(1249, 5, 90, 155, 8, 0, 2, 393, 'Taller Acompañamiento', ''),
(1250, 2, 90, 175, 7, 59, 2, 393, 'Procesos propios de la cultura emprendedora', ''),
(1251, 2, 90, 139, 8, 59, 2, 393, 'COMUNICACION', ''),
(1252, 6, 90, 0, 2, 0, 2, 393, 'Cursos virtuales', ''),
(1253, 6, 90, 0, 3, 0, 2, 393, 'Cursos virtuales', ''),
(1254, 6, 92, 0, 2, 0, 2, 402, 'Cursos virtuales', ''),
(1255, 6, 92, 0, 3, 0, 2, 402, 'Cursos virtuales', ''),
(1256, 3, 92, 200, 7, 71, 2, 402, 'Taller Acompañamiento', ''),
(1257, 3, 92, 200, 8, 71, 2, 402, 'Taller Acompañamiento', ''),
(1258, 4, 92, 200, 7, 71, 2, 402, 'Taller Acompañamiento', ''),
(1259, 4, 92, 200, 8, 71, 2, 402, 'Taller Acompañamiento', ''),
(1260, 5, 92, 200, 7, 71, 2, 402, 'Taller Acompañamiento', ''),
(1261, 5, 92, 200, 8, 71, 2, 402, 'Taller Acompañamiento', ''),
(1262, 1, 92, 144, 7, 0, 2, 402, 'Generar habitos saludables', ''),
(1263, 1, 92, 139, 8, 58, 2, 402, 'COMUNICACION', ''),
(1264, 2, 92, 177, 7, 57, 2, 402, 'Derechos del trabajo', ''),
(1265, 2, 92, 175, 8, 57, 2, 402, 'Procesos propios de la cultura emprendedora', ''),
(1266, 1, 93, 190, 3, 0, 2, 526, 'Taller Acompañamiento', ''),
(1267, 1, 93, 190, 4, 0, 2, 526, 'Taller Acompañamiento', ''),
(1268, 2, 93, 190, 3, 0, 2, 526, 'Taller Acompañamiento', ''),
(1269, 2, 93, 190, 4, 0, 2, 526, 'Taller Acompañamiento', ''),
(1270, 3, 93, 190, 3, 0, 2, 526, 'Taller Acompañamiento', ''),
(1271, 3, 93, 190, 4, 0, 2, 526, 'Taller Acompañamiento', ''),
(1272, 4, 93, 190, 3, 0, 2, 526, 'Taller Acompañamiento', ''),
(1273, 4, 93, 190, 4, 0, 2, 526, 'Taller Acompañamiento', ''),
(1274, 5, 93, 190, 3, 0, 2, 526, 'Taller Acompañamiento', ''),
(1275, 5, 93, 190, 4, 0, 2, 526, 'Taller Acompañamiento', ''),
(1276, 5, 93, 129, 5, 52, 2, 526, 'Diseño de elementos en software', ''),
(1277, 5, 93, 129, 6, 52, 2, 526, 'Diseño de elementos en software', ''),
(1278, 1, 93, 147, 5, 60, 2, 526, 'Lengua inglesa', ''),
(1279, 1, 93, 144, 6, 0, 2, 526, 'Cultura Fisica', ''),
(1280, 2, 93, 197, 5, 58, 2, 526, 'Razonamiento cuantitativo ', ''),
(1281, 2, 93, 169, 6, 70, 2, 526, 'Aplicacion de conocimientos de las ciencias naturales ', ''),
(1282, 3, 93, 159, 5, 59, 2, 526, 'Interactuar en el contexto productivo', ''),
(1283, 3, 93, 151, 6, 57, 2, 526, 'Proteccion ambiental', ''),
(1284, 6, 94, 197, 1, 0, 2, 411, 'Matematicas-virtual', ''),
(1287, 4, 94, 150, 7, 68, 2, 411, 'Taller Acompañamiento', ''),
(1288, 4, 94, 150, 8, 68, 2, 411, 'Taller Acompañamiento', ''),
(1289, 5, 94, 150, 7, 68, 2, 411, 'Taller Acompañamiento', ''),
(1290, 5, 94, 150, 8, 68, 2, 411, 'Taller Acompañamiento', ''),
(1291, 1, 94, 150, 7, 68, 2, 411, 'Taller Acompañamiento', ''),
(1292, 1, 94, 150, 8, 68, 2, 411, 'Taller Acompañamiento', ''),
(1293, 2, 94, 147, 7, 60, 2, 411, 'Lengua inglesa', ''),
(1294, 2, 94, 177, 8, 60, 2, 411, 'Derechos del trabajo', ''),
(1295, 3, 94, 175, 7, 59, 2, 411, 'Procesos propios de la cultura emprendedora', ''),
(1296, 3, 94, 139, 8, 59, 2, 411, 'COMUNICACION', ''),
(1297, 1, 95, 201, 3, 63, 2, 386, 'Taller Acompañamiento', ''),
(1298, 1, 95, 201, 4, 63, 2, 386, 'Taller Acompañamiento', ''),
(1299, 2, 95, 201, 3, 63, 2, 386, 'Taller Acompañamiento', ''),
(1300, 2, 95, 201, 4, 63, 2, 386, 'Taller Acompañamiento', ''),
(1301, 4, 95, 201, 3, 63, 2, 386, 'Taller Acompañamiento', ''),
(1302, 4, 95, 201, 4, 63, 2, 386, 'Taller Acompañamiento', ''),
(1303, 5, 95, 201, 3, 63, 2, 386, 'Taller Acompañamiento', ''),
(1304, 5, 95, 201, 4, 63, 2, 386, 'Taller Acompañamiento', ''),
(1305, 3, 95, 201, 3, 64, 2, 386, 'Taller Acompañamiento', ''),
(1306, 3, 95, 201, 4, 64, 2, 386, 'Taller Acompañamiento', ''),
(1307, 2, 95, 192, 1, 57, 2, 386, 'Escribir guiones', ''),
(1308, 2, 95, 192, 2, 57, 2, 386, 'Escribir guiones', ''),
(1309, 3, 95, 177, 5, 60, 2, 386, 'Derechos del trabajo', ''),
(1310, 3, 95, 147, 2, 60, 2, 386, 'Lengua inglesa', ''),
(1311, 5, 95, 147, 5, 60, 2, 386, 'Lengua inglesa', ''),
(1312, 1, 95, 197, 5, 57, 2, 386, 'Aplicacion de conocimientos de las ciencias naturales ', ''),
(1313, 1, 95, 189, 2, 57, 2, 386, 'Proteccion ambiental', ''),
(1314, 4, 95, 198, 2, 60, 2, 386, 'Procesos propios de la cultura emprendedora', ''),
(1315, 5, 95, 199, 2, 57, 2, 386, 'Interactuar en el contexto productivo', ''),
(1316, 2, 96, 166, 5, 63, 2, 390, 'Taller Acompañamiento', ''),
(1317, 2, 96, 166, 6, 63, 2, 390, 'Taller Acompañamiento', ''),
(1318, 3, 96, 166, 5, 63, 2, 390, 'Taller Acompañamiento', ''),
(1319, 3, 96, 166, 6, 63, 2, 390, 'Taller Acompañamiento', ''),
(1320, 1, 96, 137, 5, 62, 2, 390, 'Taller Acompañamiento', ''),
(1321, 1, 96, 137, 6, 62, 2, 390, 'Taller Acompañamiento', ''),
(1322, 4, 96, 137, 5, 65, 2, 390, 'Taller Acompañamiento', ''),
(1323, 4, 96, 137, 6, 65, 2, 390, 'Taller Acompañamiento', ''),
(1324, 5, 96, 166, 5, 62, 2, 390, 'Taller Acompañamiento', ''),
(1325, 5, 96, 166, 6, 62, 2, 390, 'Taller Acompañamiento', ''),
(1326, 5, 96, 192, 3, 62, 2, 390, 'Escribir guiones', ''),
(1327, 5, 96, 192, 4, 62, 2, 390, 'Escribir guiones', ''),
(1328, 4, 96, 151, 4, 59, 2, 390, 'Derechos del trabajo', ''),
(1329, 3, 96, 144, 3, 0, 2, 390, 'Generar habitos saludables', ''),
(1330, 1, 96, 198, 3, 59, 2, 390, 'Procesos propios de la cultura emprendedora', ''),
(1331, 1, 96, 147, 4, 59, 2, 390, 'Lengua inglesa', ''),
(1332, 2, 96, 197, 3, 59, 2, 390, 'Razonamiento cuantitativo ', ''),
(1333, 2, 96, 159, 4, 59, 2, 390, 'Interactuar en el contexto productivo', ''),
(1334, 2, 97, 137, 7, 62, 2, 384, 'Taller Acompañamiento', ''),
(1335, 2, 97, 137, 8, 62, 2, 384, 'Taller Acompañamiento', ''),
(1336, 4, 97, 137, 7, 62, 2, 384, 'Taller Acompañamiento', ''),
(1337, 4, 97, 137, 8, 62, 2, 384, 'Taller Acompañamiento', ''),
(1338, 5, 97, 137, 7, 62, 2, 384, 'Taller Acompañamiento', ''),
(1339, 5, 97, 137, 8, 62, 2, 384, 'Taller Acompañamiento', ''),
(1340, 1, 97, 192, 7, 62, 2, 384, 'COMUNICACION', ''),
(1341, 1, 97, 192, 8, 62, 2, 384, 'COMUNICACION', ''),
(1342, 3, 97, 151, 8, 57, 2, 384, 'Derechos del trabajo', ''),
(1343, 3, 97, 198, 7, 57, 2, 384, 'Procesos propios de la cultura emprendedora', ''),
(1344, 6, 97, 0, 2, 0, 2, 384, 'Cursos virtuales', ''),
(1345, 6, 97, 0, 3, 0, 2, 384, 'Cursos virtuales', ''),
(1346, 6, 97, 197, 4, 0, 2, 384, 'Razonamiento cuantitativo-Virtual', ''),
(1347, 1, 100, 142, 1, 61, 2, 479, 'Taller Acompañamiento', ''),
(1348, 1, 100, 142, 2, 61, 2, 479, 'Taller Acompañamiento', ''),
(1349, 2, 100, 142, 1, 61, 2, 479, 'Taller Acompañamiento', ''),
(1350, 2, 100, 142, 2, 61, 2, 479, 'Taller Acompañamiento', ''),
(1351, 3, 100, 142, 1, 61, 2, 479, 'Taller Acompañamiento', ''),
(1352, 3, 100, 142, 2, 61, 2, 479, 'Taller Acompañamiento', ''),
(1353, 4, 100, 142, 1, 61, 2, 479, 'Taller Acompañamiento', ''),
(1354, 4, 100, 142, 2, 61, 2, 479, 'Taller Acompañamiento', ''),
(1355, 5, 100, 142, 1, 61, 2, 479, 'Taller Acompañamiento', ''),
(1356, 5, 100, 142, 2, 61, 2, 479, 'Taller Acompañamiento', ''),
(1357, 2, 100, 156, 3, 0, 2, 479, 'Ilustracion analoga', ''),
(1358, 2, 100, 156, 4, 0, 2, 479, 'Ilustracion analoga', ''),
(1359, 3, 100, 133, 3, 60, 2, 479, 'Lengua inglesa', ''),
(1360, 3, 100, 133, 4, 60, 2, 479, 'Lengua inglesa', ''),
(1361, 4, 100, 189, 3, 57, 2, 479, 'Proteccion ambiental', ''),
(1363, 4, 100, 192, 4, 57, 2, 479, 'COMUNICACION', ''),
(1364, 5, 100, 144, 3, 0, 2, 479, 'Generar habitos saludables', ''),
(1365, 5, 100, 198, 4, 69, 2, 479, 'Procesos propios de la cultura emprendedora', ''),
(1367, 5, 99, 156, 1, 0, 2, 464, 'Ilustracion analoga', ''),
(1368, 5, 99, 156, 2, 0, 2, 464, 'Ilustracion analoga', ''),
(1369, 2, 99, 179, 2, 58, 2, 464, 'Aplicacion de conocimientos de las ciencias naturales ', ''),
(1370, 3, 99, 144, 2, 0, 2, 464, 'Generar habitos saludables', ''),
(1371, 4, 99, 192, 2, 59, 2, 464, 'COMUNICACION', ''),
(1372, 3, 99, 142, 3, 51, 2, 464, 'Taller Acompañamiento', ''),
(1373, 3, 99, 142, 4, 51, 2, 464, 'Taller Acompañamiento', ''),
(1374, 4, 99, 142, 3, 51, 2, 464, 'Taller Acompañamiento', ''),
(1375, 4, 99, 142, 4, 51, 2, 464, 'Taller Acompañamiento', ''),
(1376, 5, 99, 142, 3, 51, 2, 464, 'Taller Acompañamiento', ''),
(1377, 5, 99, 142, 4, 51, 2, 464, 'Taller Acompañamiento', ''),
(1378, 1, 99, 142, 3, 51, 2, 464, 'Taller Acompañamiento', ''),
(1379, 1, 99, 142, 4, 51, 2, 464, 'Taller Acompañamiento', ''),
(1380, 2, 99, 142, 3, 52, 2, 464, 'Taller Acompañamiento', ''),
(1381, 2, 99, 142, 4, 52, 2, 464, 'Taller Acompañamiento', ''),
(1382, 1, 99, 133, 5, 58, 2, 464, 'Lengua inglesa', ''),
(1383, 1, 99, 133, 6, 58, 2, 464, 'Lengua inglesa', ''),
(1384, 4, 99, 199, 5, 59, 2, 464, 'Interactuar en el contexto productivo', ''),
(1385, 1, 101, 160, 1, 52, 2, 471, 'Taller Acompañamiento', ''),
(1386, 1, 101, 160, 2, 52, 2, 471, 'Taller Acompañamiento', ''),
(1387, 2, 101, 160, 1, 52, 2, 471, 'Taller Acompañamiento', ''),
(1388, 2, 101, 160, 2, 52, 2, 471, 'Taller Acompañamiento', ''),
(1389, 4, 101, 160, 1, 52, 2, 471, 'Taller Acompañamiento', ''),
(1390, 4, 101, 160, 2, 52, 2, 471, 'Taller Acompañamiento', ''),
(1391, 5, 101, 160, 1, 52, 2, 471, 'Taller Acompañamiento', ''),
(1392, 5, 101, 160, 2, 52, 2, 471, 'Taller Acompañamiento', ''),
(1393, 2, 101, 192, 3, 69, 2, 471, 'COMUNICACION', ''),
(1394, 2, 101, 192, 4, 69, 2, 471, 'COMUNICACION', ''),
(1395, 3, 101, 147, 3, 69, 2, 471, 'Lengua inglesa', ''),
(1396, 3, 101, 147, 4, 69, 2, 471, 'Lengua inglesa', ''),
(1397, 3, 101, 160, 1, 52, 2, 471, 'Taller Acompañamiento', ''),
(1398, 3, 101, 160, 2, 52, 2, 471, 'Taller Acompañamiento', ''),
(1399, 4, 101, 156, 3, 0, 2, 471, 'Ilustracion analoga', ''),
(1400, 4, 101, 156, 4, 0, 2, 471, 'Ilustracion analoga', ''),
(1401, 5, 101, 199, 3, 59, 2, 471, 'Interactuar en el contexto productivo', ''),
(1402, 1, 102, 129, 5, 50, 2, 529, 'Taller Acompañamiento', ''),
(1403, 1, 102, 129, 6, 50, 2, 529, 'Taller Acompañamiento', ''),
(1404, 2, 102, 129, 5, 50, 2, 529, 'Taller Acompañamiento', ''),
(1405, 2, 102, 129, 6, 50, 2, 529, 'Taller Acompañamiento', ''),
(1406, 3, 102, 129, 5, 50, 2, 529, 'Taller Acompañamiento', ''),
(1407, 3, 102, 129, 6, 50, 2, 529, 'Taller Acompañamiento', ''),
(1408, 4, 102, 129, 5, 50, 2, 529, 'Taller Acompañamiento', ''),
(1409, 4, 102, 129, 6, 50, 2, 529, 'Taller Acompañamiento', ''),
(1410, 5, 102, 179, 5, 50, 2, 529, 'Preparar estrategias de produccion', ''),
(1411, 5, 102, 179, 6, 50, 2, 529, 'Preparar estrategias de produccion', ''),
(1412, 1, 102, 178, 3, 52, 2, 529, 'Utilizar herramientas informaticas ', ''),
(1413, 1, 102, 178, 4, 52, 2, 529, 'Utilizar herramientas informaticas ', ''),
(1414, 4, 102, 144, 4, 0, 2, 529, 'Generar habitos saludables', ''),
(1415, 3, 102, 159, 3, 54, 2, 529, 'Interactuar en el contexto productivo', ''),
(1416, 6, 103, 0, 2, 0, 2, 536, 'Cursos virtuales', ''),
(1417, 6, 103, 0, 3, 0, 2, 536, 'Cursos virtuales', ''),
(1418, 6, 103, 0, 4, 0, 2, 536, 'Cursos virtuales', ''),
(1419, 1, 103, 129, 7, 51, 2, 536, 'Taller Acompañamiento', ''),
(1420, 1, 103, 129, 8, 51, 2, 536, 'Taller Acompañamiento', ''),
(1421, 2, 103, 129, 7, 51, 2, 536, 'Taller Acompañamiento', ''),
(1422, 2, 103, 129, 8, 51, 2, 536, 'Taller Acompañamiento', ''),
(1423, 5, 103, 129, 7, 51, 2, 536, 'Taller Acompañamiento', ''),
(1424, 5, 103, 129, 8, 51, 2, 536, 'Taller Acompañamiento', ''),
(1425, 3, 103, 179, 7, 51, 2, 536, 'Preparar estrategias de produccion', ''),
(1426, 3, 103, 179, 8, 51, 2, 536, 'Preparar estrategias de produccion', ''),
(1427, 4, 103, 144, 8, 0, 2, 536, 'Generar habitos saludables', ''),
(1428, 4, 103, 199, 7, 59, 2, 536, 'Interactuar en el contexto productivo', ''),
(1429, 6, 104, 0, 2, 0, 2, 485, 'Cursos virtuales', ''),
(1430, 6, 104, 0, 3, 0, 2, 485, 'Cursos virtuales', ''),
(1431, 1, 104, 132, 7, 67, 2, 485, 'Taller Acompañamiento', ''),
(1432, 1, 104, 132, 8, 67, 2, 485, 'Taller Acompañamiento', ''),
(1433, 3, 104, 132, 7, 67, 2, 485, 'Taller Acompañamiento', ''),
(1434, 3, 104, 132, 8, 67, 2, 485, 'Taller Acompañamiento', ''),
(1435, 4, 104, 132, 7, 67, 2, 485, 'Taller Acompañamiento', ''),
(1436, 4, 104, 132, 8, 67, 2, 485, 'Taller Acompañamiento', ''),
(1437, 5, 104, 132, 7, 63, 2, 485, 'Taller Acompañamiento', ''),
(1438, 5, 104, 132, 8, 63, 2, 485, 'Taller Acompañamiento', ''),
(1439, 2, 104, 188, 8, 54, 2, 485, 'Razonamiento cuantitativo ', ''),
(1440, 2, 104, 159, 7, 60, 2, 485, 'Interactuar en el contexto productivo', ''),
(1441, 1, 106, 191, 1, 67, 2, 543, 'Taller Acompañamiento', ''),
(1442, 1, 106, 191, 2, 67, 2, 543, 'Taller Acompañamiento', ''),
(1443, 5, 106, 191, 1, 67, 2, 543, 'Taller Acompañamiento', ''),
(1444, 5, 106, 191, 2, 67, 2, 543, 'Taller Acompañamiento', ''),
(1445, 4, 106, 189, 2, 57, 2, 543, 'Proteccion ambiental', ''),
(1452, 2, 106, 191, 3, 67, 2, 543, 'Taller Acompañamiento', ''),
(1453, 2, 106, 191, 4, 67, 2, 543, 'Taller Acompañamiento', ''),
(1454, 3, 106, 191, 3, 67, 2, 543, 'Taller Acompañamiento', ''),
(1455, 3, 106, 191, 4, 67, 2, 543, 'Taller Acompañamiento', ''),
(1456, 4, 106, 191, 3, 67, 2, 543, 'Taller Acompañamiento', ''),
(1457, 4, 106, 191, 4, 67, 2, 543, 'Taller Acompañamiento', ''),
(1458, 4, 106, 177, 5, 55, 2, 543, 'Interactuar en el contexto productivo', ''),
(1459, 2, 106, 192, 5, 55, 2, 543, 'COMUNICACION', ''),
(1463, 1, 105, 148, 3, 50, 2, 521, 'Taller Acompañamiento', ''),
(1464, 1, 105, 148, 4, 50, 2, 521, 'Taller Acompañamiento', ''),
(1465, 2, 105, 148, 3, 50, 2, 521, 'Taller Acompañamiento', ''),
(1466, 2, 105, 148, 4, 50, 2, 521, 'Taller Acompañamiento', ''),
(1467, 3, 105, 148, 3, 50, 2, 521, 'Taller Acompañamiento', ''),
(1468, 3, 105, 148, 4, 50, 2, 521, 'Taller Acompañamiento', ''),
(1469, 5, 105, 181, 3, 50, 2, 521, 'Coordinar procesos de impresion', ''),
(1470, 5, 105, 181, 4, 50, 2, 521, 'Coordinar procesos de impresion', ''),
(1471, 4, 105, 159, 3, 60, 2, 521, 'Interactuar en el contexto productivo', ''),
(1472, 4, 105, 189, 4, 54, 2, 521, 'Proteccion ambiental', ''),
(1473, 4, 105, 179, 5, 52, 2, 521, 'Procesos de preimpresion', ''),
(1474, 4, 105, 179, 6, 52, 2, 521, 'Procesos de preimpresion', ''),
(1475, 3, 105, 155, 5, 69, 2, 521, 'Coordinar procesos de impresion', ''),
(1476, 3, 105, 155, 6, 69, 2, 521, 'Coordinar procesos de impresion', ''),
(1477, 2, 105, 172, 5, 59, 2, 521, 'Lengua inglesa', ''),
(1478, 2, 105, 172, 6, 59, 2, 521, 'Lengua inglesa', ''),
(1479, 1, 105, 169, 5, 70, 2, 521, 'Aplicacion de conocimientos de las ciencias naturales ', ''),
(1480, 1, 107, 161, 1, 62, 2, 492, 'Taller Acompañamiento', ''),
(1481, 1, 107, 161, 2, 62, 2, 492, 'Taller Acompañamiento', ''),
(1482, 3, 107, 192, 1, 62, 2, 492, 'COMUNICACION', ''),
(1483, 3, 107, 192, 2, 62, 2, 492, 'COMUNICACION', ''),
(1484, 4, 107, 161, 1, 62, 2, 492, 'Taller Acompañamiento', ''),
(1485, 4, 107, 161, 2, 62, 2, 492, 'Taller Acompañamiento', ''),
(1486, 5, 107, 161, 1, 62, 2, 492, 'Taller Acompañamiento', ''),
(1487, 5, 107, 161, 2, 62, 2, 492, 'Taller Acompañamiento', ''),
(1488, 5, 107, 198, 3, 60, 2, 492, 'Emprendimiento', ''),
(1489, 5, 107, 133, 4, 0, 2, 492, 'Lengua inglesa', ''),
(1490, 4, 107, 199, 4, 57, 2, 492, 'Etica', ''),
(1491, 4, 107, 144, 5, 0, 2, 492, 'Cultura Fisica', ''),
(1494, 2, 107, 165, 3, 62, 2, 492, 'Taller Acompañamiento', ''),
(1495, 2, 107, 165, 4, 62, 2, 492, 'Taller Acompañamiento', ''),
(1496, 3, 107, 165, 3, 62, 2, 492, 'Taller Acompañamiento', ''),
(1497, 3, 107, 165, 4, 62, 2, 492, 'Taller Acompañamiento', ''),
(1498, 1, 107, 189, 3, 60, 2, 492, 'Salud Ocupacional', ''),
(1499, 2, 107, 132, 6, 67, 2, 492, 'Taller fotografia', ''),
(1500, 2, 107, 132, 5, 67, 2, 492, 'Taller fotografia', ''),
(1501, 1, 108, 201, 5, 63, 2, 501, 'Taller Acompañamiento', ''),
(1502, 1, 108, 201, 6, 63, 2, 501, 'Taller Acompañamiento', ''),
(1503, 4, 108, 201, 5, 63, 2, 501, 'Taller Acompañamiento', ''),
(1504, 4, 108, 201, 6, 63, 2, 501, 'Taller Acompañamiento', ''),
(1505, 2, 108, 137, 5, 63, 2, 501, 'Taller Acompañamiento', ''),
(1506, 2, 108, 137, 6, 63, 2, 501, 'Taller Acompañamiento', ''),
(1507, 5, 108, 137, 5, 0, 2, 501, 'Taller Acompañamiento', ''),
(1508, 5, 108, 137, 6, 0, 2, 501, 'Taller Acompañamiento', ''),
(1509, 3, 108, 132, 5, 67, 2, 501, 'Taller fotografia', ''),
(1510, 3, 108, 132, 6, 67, 2, 501, 'Taller fotografia', ''),
(1511, 3, 108, 137, 3, 63, 2, 501, 'Taller Acompañamiento', ''),
(1512, 3, 108, 137, 4, 63, 2, 501, 'Taller Acompañamiento', ''),
(1513, 2, 108, 133, 3, 60, 2, 501, 'Lengua inglesa', ''),
(1514, 2, 108, 133, 4, 60, 2, 501, 'Lengua inglesa', ''),
(1515, 5, 108, 139, 3, 58, 2, 501, 'COMUNICACION', ''),
(1516, 5, 108, 139, 4, 58, 2, 501, 'COMUNICACION', ''),
(1517, 1, 108, 144, 4, 0, 2, 501, 'Cultura Fisica', ''),
(1518, 4, 108, 151, 3, 58, 2, 501, 'Salud Ocupacional', ''),
(1519, 4, 108, 198, 4, 58, 2, 501, 'Emprendimiento', ''),
(1520, 3, 109, 166, 3, 61, 2, 515, 'Taller Acompañamiento', ''),
(1521, 3, 109, 166, 4, 61, 2, 515, 'Taller Acompañamiento', ''),
(1522, 4, 109, 166, 3, 61, 2, 515, 'Taller Acompañamiento', ''),
(1523, 4, 109, 166, 4, 61, 2, 515, 'Taller Acompañamiento', ''),
(1524, 5, 109, 166, 3, 61, 2, 515, 'Taller Acompañamiento', ''),
(1525, 5, 109, 166, 4, 61, 2, 515, 'Taller Acompañamiento', ''),
(1526, 1, 109, 193, 3, 61, 2, 515, 'Taller Acompañamiento', ''),
(1527, 1, 109, 193, 4, 61, 2, 515, 'Taller Acompañamiento', ''),
(1528, 2, 109, 193, 3, 61, 2, 515, 'Taller Acompañamiento', ''),
(1529, 2, 109, 193, 4, 61, 2, 515, 'Taller Acompañamiento', ''),
(1530, 1, 109, 149, 5, 67, 2, 515, 'Taller fotografia', ''),
(1531, 1, 109, 149, 6, 67, 2, 515, 'Taller fotografia', ''),
(1532, 2, 109, 139, 5, 60, 2, 515, 'COMUNICACION', ''),
(1533, 2, 109, 139, 6, 60, 2, 515, 'COMUNICACION', ''),
(1534, 3, 109, 133, 5, 63, 2, 515, 'Lengua inglesa', ''),
(1535, 3, 109, 133, 6, 63, 2, 515, 'Lengua inglesa', ''),
(1536, 4, 109, 198, 5, 60, 2, 515, 'Emprendimiento', ''),
(1537, 5, 109, 144, 5, 0, 2, 515, 'Cultura Fisica', ''),
(1538, 5, 109, 159, 6, 60, 2, 515, 'Etica', ''),
(1539, 6, 110, 165, 2, 61, 2, 508, 'Taller Acompañamiento', ''),
(1540, 6, 110, 165, 3, 61, 2, 508, 'Taller Acompañamiento', ''),
(1541, 1, 110, 165, 7, 61, 2, 508, 'Taller Acompañamiento', ''),
(1542, 1, 110, 165, 8, 61, 2, 508, 'Taller Acompañamiento', ''),
(1543, 4, 110, 165, 7, 61, 2, 508, 'Taller Acompañamiento', ''),
(1544, 4, 110, 165, 8, 61, 2, 508, 'Taller Acompañamiento', ''),
(1545, 5, 110, 165, 7, 61, 2, 508, 'Taller Acompañamiento', ''),
(1546, 5, 110, 165, 8, 61, 2, 508, 'Taller Acompañamiento', ''),
(1547, 3, 110, 139, 7, 58, 2, 508, 'COMUNICACION', ''),
(1548, 3, 110, 139, 8, 58, 2, 508, 'COMUNICACION', ''),
(1549, 2, 110, 132, 7, 67, 2, 508, 'Taller fotografia', ''),
(1550, 2, 110, 132, 8, 67, 2, 508, 'Taller fotografia', ''),
(1551, 6, 111, 0, 2, 0, 2, 444, 'Cursos virtuales', ''),
(1552, 6, 111, 0, 3, 0, 2, 444, 'Cursos virtuales', ''),
(1553, 6, 111, 0, 4, 0, 2, 444, 'Cursos virtuales', ''),
(1554, 2, 111, 163, 7, 65, 2, 444, 'Taller Acompañamiento', ''),
(1555, 2, 111, 163, 8, 65, 2, 444, 'Taller Acompañamiento', ''),
(1556, 3, 111, 163, 7, 65, 2, 444, 'Taller Acompañamiento', ''),
(1557, 3, 111, 163, 8, 65, 2, 444, 'Taller Acompañamiento', ''),
(1558, 4, 111, 163, 7, 65, 2, 444, 'Taller Acompañamiento', ''),
(1559, 4, 111, 163, 8, 65, 2, 444, 'Taller Acompañamiento', ''),
(1560, 5, 111, 149, 7, 67, 2, 444, 'Taller fotografia', ''),
(1561, 5, 111, 149, 8, 67, 2, 444, 'Taller fotografia', ''),
(1562, 1, 111, 144, 8, 0, 2, 444, 'Generar habitos saludables', ''),
(1563, 1, 111, 143, 7, 58, 2, 444, 'BRIEF', ''),
(1564, 3, 112, 168, 1, 64, 2, 451, 'Taller Acompañamiento', ''),
(1565, 3, 112, 168, 2, 64, 2, 451, 'Taller Acompañamiento', ''),
(1566, 5, 112, 168, 1, 64, 2, 451, 'Taller Acompañamiento', ''),
(1567, 5, 112, 168, 2, 64, 2, 451, 'Taller Acompañamiento', ''),
(1568, 2, 112, 149, 1, 67, 2, 451, 'Taller fotografia', ''),
(1569, 2, 112, 149, 2, 67, 2, 451, 'Taller fotografia', ''),
(1570, 4, 112, 184, 1, 64, 2, 451, 'Taller Acompañamiento', ''),
(1571, 4, 112, 184, 2, 64, 2, 451, 'Taller Acompañamiento', ''),
(1572, 2, 112, 184, 3, 64, 2, 451, 'Taller Acompañamiento', ''),
(1573, 2, 112, 184, 4, 64, 2, 451, 'Taller Acompañamiento', ''),
(1574, 1, 112, 168, 3, 64, 2, 451, 'Taller Acompañamiento', ''),
(1575, 1, 112, 168, 4, 64, 2, 451, 'Taller Acompañamiento', ''),
(1576, 5, 112, 143, 3, 57, 2, 451, 'BRIEF', ''),
(1577, 5, 112, 143, 4, 57, 2, 451, 'BRIEF', ''),
(1578, 1, 112, 197, 6, 58, 2, 451, 'Fisica', ''),
(1579, 3, 112, 144, 4, 0, 2, 451, 'Generar habitos saludables', ''),
(1580, 3, 112, 189, 3, 59, 2, 451, 'Proteccion ambiental', ''),
(1581, 6, 113, 0, 2, 0, 2, 437, 'Cursos virtuales', ''),
(1582, 6, 113, 0, 3, 0, 2, 437, 'Cursos virtuales', ''),
(1583, 6, 113, 0, 4, 0, 2, 437, 'Cursos virtuales', ''),
(1584, 1, 113, 187, 7, 64, 2, 437, 'Taller Acompañamiento', ''),
(1585, 1, 113, 187, 8, 64, 2, 437, 'Taller Acompañamiento', ''),
(1586, 4, 113, 187, 7, 64, 2, 437, 'Taller Acompañamiento', ''),
(1587, 4, 113, 187, 8, 64, 2, 437, 'Taller Acompañamiento', ''),
(1588, 5, 113, 187, 7, 64, 2, 437, 'Taller Acompañamiento', ''),
(1589, 5, 113, 187, 8, 64, 2, 437, 'Taller Acompañamiento', ''),
(1590, 3, 113, 184, 7, 64, 2, 437, 'Taller Acompañamiento', ''),
(1591, 3, 113, 184, 8, 64, 2, 437, 'Taller Acompañamiento', ''),
(1592, 2, 113, 144, 7, 0, 2, 437, 'Generar habitos saludables', ''),
(1593, 2, 113, 143, 8, 59, 2, 437, 'BRIEF', ''),
(1594, 3, 114, 189, 2, 59, 2, 459, 'Proteccion ambiental', ''),
(1595, 2, 114, 168, 3, 65, 2, 459, 'Taller Acompañamiento', ''),
(1596, 2, 114, 168, 4, 65, 2, 459, 'Taller Acompañamiento', ''),
(1597, 3, 114, 168, 3, 65, 2, 459, 'Taller Acompañamiento', ''),
(1598, 3, 114, 168, 4, 65, 2, 459, 'Taller Acompañamiento', ''),
(1599, 1, 114, 149, 3, 67, 2, 459, 'Taller fotografia', ''),
(1600, 1, 114, 149, 4, 67, 2, 459, 'Taller fotografia', ''),
(1601, 5, 114, 163, 3, 65, 2, 459, 'Taller Acompañamiento', ''),
(1602, 5, 114, 163, 4, 65, 2, 459, 'Taller Acompañamiento', ''),
(1603, 4, 114, 184, 3, 65, 2, 459, 'Taller Acompañamiento', ''),
(1604, 4, 114, 184, 4, 65, 2, 459, 'Taller Acompañamiento', ''),
(1605, 5, 114, 143, 5, 56, 2, 459, 'COMUNICACION', ''),
(1606, 5, 114, 143, 6, 56, 2, 459, 'COMUNICACION', ''),
(1607, 4, 114, 193, 5, 62, 2, 459, 'Orientacion investigacion formativa', ''),
(1608, 4, 114, 193, 6, 62, 2, 459, 'Orientacion investigacion formativa', ''),
(1609, 3, 114, 172, 5, 57, 2, 459, 'Lengua inglesa', ''),
(1610, 2, 114, 144, 5, 0, 2, 459, 'Generar habitos saludables', ''),
(1611, 2, 114, 197, 6, 58, 2, 459, 'Fisica', ''),
(1612, 1, 114, 163, 5, 65, 2, 459, 'Taller Acompañamiento', ''),
(1613, 1, 114, 163, 6, 65, 2, 459, 'Taller Acompañamiento', ''),
(1614, 6, 116, 0, 2, 0, 2, 430, 'Cursos virtuales', ''),
(1615, 6, 116, 0, 3, 0, 2, 430, 'Cursos virtuales', ''),
(1616, 6, 116, 0, 4, 0, 2, 430, 'Cursos virtuales', ''),
(1617, 1, 116, 157, 7, 53, 2, 430, 'Taller Acompañamiento', ''),
(1618, 1, 116, 157, 8, 53, 2, 430, 'Taller Acompañamiento', ''),
(1619, 3, 116, 157, 7, 53, 2, 430, 'Taller Acompañamiento', ''),
(1620, 3, 116, 157, 8, 53, 2, 430, 'Taller Acompañamiento', ''),
(1621, 4, 116, 157, 7, 53, 2, 430, 'Taller Acompañamiento', ''),
(1622, 4, 116, 157, 8, 53, 2, 430, 'Taller Acompañamiento', ''),
(1623, 5, 116, 157, 7, 53, 2, 430, 'Taller Acompañamiento', ''),
(1624, 5, 116, 157, 8, 53, 2, 430, 'Taller Acompañamiento', ''),
(1625, 2, 116, 151, 7, 58, 2, 430, 'Derechos del trabajo', ''),
(1626, 2, 116, 144, 8, 0, 2, 430, 'Generar habitos saludables', ''),
(1627, 4, 117, 188, 2, 53, 2, 419, 'Razonamiento cuantitativo ', ''),
(1628, 1, 117, 188, 3, 53, 2, 419, 'Taller Acompañamiento', ''),
(1629, 1, 117, 188, 4, 53, 2, 419, 'Taller Acompañamiento', ''),
(1630, 2, 117, 188, 3, 53, 2, 419, 'Taller Acompañamiento', ''),
(1631, 2, 117, 188, 4, 53, 2, 419, 'Taller Acompañamiento', ''),
(1632, 3, 117, 188, 3, 53, 2, 419, 'Taller Acompañamiento', ''),
(1633, 3, 117, 188, 4, 53, 2, 419, 'Taller Acompañamiento', ''),
(1634, 4, 117, 188, 3, 53, 2, 419, 'Taller Acompañamiento', ''),
(1635, 4, 117, 188, 4, 53, 2, 419, 'Taller Acompañamiento', ''),
(1636, 5, 117, 188, 3, 53, 2, 419, 'Taller Acompañamiento', ''),
(1637, 5, 117, 188, 4, 53, 2, 419, 'Taller Acompañamiento', ''),
(1638, 1, 117, 172, 5, 59, 2, 419, 'Lengua inglesa', ''),
(1639, 1, 117, 172, 6, 59, 2, 419, 'Lengua inglesa', ''),
(1640, 2, 117, 151, 5, 54, 2, 419, 'Proteccion ambiental', ''),
(1641, 2, 117, 177, 6, 54, 2, 419, 'Derechos del trabajo', ''),
(1642, 3, 117, 144, 5, 0, 2, 419, 'Generar habitos saludables', ''),
(1643, 3, 117, 143, 6, 59, 2, 419, 'COMUNICACION', ''),
(1644, 5, 117, 159, 5, 57, 2, 419, 'Interactuar en el contexto productivo', ''),
(1645, 5, 117, 198, 6, 59, 2, 419, 'Procesos propios de la cultura emprendedora', ''),
(1652, 2, 118, 157, 5, 53, 2, 550, 'Taller Acompañamiento', ''),
(1653, 2, 118, 157, 6, 53, 2, 550, 'Taller Acompañamiento', ''),
(1654, 3, 118, 157, 5, 53, 2, 550, 'Taller Acompañamiento', ''),
(1655, 3, 118, 157, 6, 53, 2, 550, 'Taller Acompañamiento', ''),
(1656, 5, 118, 157, 5, 53, 2, 550, 'Taller Acompañamiento', ''),
(1657, 5, 118, 157, 6, 53, 2, 550, 'Taller Acompañamiento', ''),
(1658, 4, 118, 178, 3, 64, 2, 550, 'Utilizar herramientas informaticas ', ''),
(1659, 4, 118, 178, 4, 64, 2, 550, 'Utilizar herramientas informaticas ', ''),
(1660, 1, 118, 188, 5, 53, 2, 550, 'Taller Acompañamiento', ''),
(1661, 1, 118, 188, 6, 53, 2, 550, 'Taller Acompañamiento', ''),
(1662, 3, 118, 159, 4, 54, 2, 550, 'Interactuar en el contexto productivo', ''),
(1663, 2, 118, 144, 4, 0, 2, 550, 'Generar habitos saludables', ''),
(1664, 4, 118, 151, 5, 69, 2, 550, 'Proteccion ambiental', ''),
(1665, 4, 118, 139, 6, 58, 2, 550, 'COMUNICACION', ''),
(1666, 6, 119, 0, 2, 0, 2, 408, 'Cursos virtuales', ''),
(1667, 6, 119, 0, 3, 0, 2, 408, 'Cursos virtuales', ''),
(1668, 6, 119, 0, 4, 0, 2, 408, 'Cursos virtuales', ''),
(1673, 1, 119, 171, 7, 52, 2, 408, 'Taller Acompañamiento', ''),
(1674, 1, 119, 171, 8, 52, 2, 408, 'Taller Acompañamiento', ''),
(1675, 2, 119, 157, 7, 52, 2, 408, 'Taller Acompañamiento', ''),
(1676, 2, 119, 157, 8, 52, 2, 408, 'Taller Acompañamiento', ''),
(1677, 3, 119, 171, 7, 50, 2, 408, 'Taller Acompañamiento', ''),
(1678, 3, 119, 171, 8, 50, 2, 408, 'Taller Acompañamiento', ''),
(1679, 4, 119, 188, 7, 57, 2, 408, 'Razonamiento cuantitativo ', ''),
(1680, 4, 119, 175, 8, 57, 2, 408, 'Procesos propios de la cultura emprendedora', ''),
(1681, 5, 119, 177, 7, 59, 2, 408, 'Derechos del trabajo', ''),
(1682, 5, 119, 192, 8, 57, 2, 408, 'COMUNICACION', ''),
(1683, 6, 120, 0, 2, 0, 2, 404, 'Cursos virtuales', ''),
(1684, 6, 120, 0, 3, 0, 2, 404, 'Cursos virtuales', ''),
(1685, 6, 120, 0, 4, 0, 2, 404, 'Cursos virtuales', ''),
(1686, 2, 120, 171, 7, 53, 2, 404, 'Taller Acompañamiento', ''),
(1687, 2, 120, 171, 8, 53, 2, 404, 'Taller Acompañamiento', ''),
(1688, 3, 120, 188, 7, 52, 2, 404, 'Taller Acompañamiento', ''),
(1689, 3, 120, 188, 8, 52, 2, 404, 'Taller Acompañamiento', ''),
(1690, 5, 120, 172, 7, 52, 2, 404, 'Taller Acompañamiento', ''),
(1691, 5, 120, 172, 8, 52, 2, 404, 'Taller Acompañamiento', ''),
(1692, 1, 120, 198, 7, 60, 2, 404, 'Procesos propios de la cultura emprendedora', ''),
(1693, 1, 120, 143, 8, 60, 2, 404, 'COMUNICACION', ''),
(1694, 4, 120, 159, 7, 60, 2, 404, 'Interactuar en el contexto productivo', ''),
(1695, 4, 120, 177, 8, 58, 2, 404, 'Derechos del trabajo', '');

-- --------------------------------------------------------

--
-- Estructura de tabla para la tabla `horas`
--

CREATE TABLE `horas` (
  `id_h` int(11) NOT NULL,
  `hora` varchar(100) NOT NULL
) ENGINE=InnoDB DEFAULT CHARSET=utf8mb4 COLLATE=utf8mb4_general_ci;

--
-- Volcado de datos para la tabla `horas`
--

INSERT INTO `horas` (`id_h`, `hora`) VALUES
(1, '06:00 - 07:40'),
(2, '08:00 - 09:40'),
(3, '10:00 - 11:40'),
(4, '12:00 - 13:40'),
(5, '14:20 - 16:00'),
(6, '16:20 - 18:00'),
(7, '18:15 - 19:45'),
(8, '20:00 - 21:40'),
(9, ''),
(10, ''),
(11, ''),
(12, ''),
(13, ''),
(14, ''),
(15, '');

-- --------------------------------------------------------

--
-- Estructura de tabla para la tabla `instructor`
--

CREATE TABLE `instructor` (
  `ID` int(11) NOT NULL,
  `Nombre` varchar(100) NOT NULL,
  `Apellido` varchar(100) NOT NULL,
  `email` varchar(100) NOT NULL,
  `contrasena` varchar(100) NOT NULL,
  `horas_inst` int(11) DEFAULT NULL,
  `rol` int(11) NOT NULL,
  `token` varchar(50) DEFAULT NULL
) ENGINE=InnoDB DEFAULT CHARSET=utf8mb4 COLLATE=utf8mb4_general_ci;

--
-- Volcado de datos para la tabla `instructor`
--

INSERT INTO `instructor` (`ID`, `Nombre`, `Apellido`, `email`, `contrasena`, `horas_inst`, `rol`, `token`) VALUES
(0, ' ', ' ', '', '', 2147483647, 2, '1a32fe302fb6060a48794824951c50ac'),
(2, 'Giovany', 'Ortiz', 'gio@gmail.com', 'd6581d542c7eaf801284f084478b5fcc', 40, 1, NULL),
(129, 'ANA MARÍA ', 'SASTRE CÁRDENAS', 'amsastrec@sena.edu.co', '097dab7bc1f776b3780e1aa47a8d51df', 40, 2, 'ce6c2fcd8ba5ae6a2979bfe83a296293'),
(130, 'ANDRES GABRIEL ', 'VARGAS CASTRO ', 'agvargasc@sena.edu.co', '7fb1829a96441a7efc85b2b39aa2dab4', 40, 2, '8eba1d1657fe0ab85d926b4e0ccf10ea'),
(131, 'ANDRES LEONARDO', 'HUERTAS BERNAL', 'alhuertas@sena.edu.co', '7fb1829a96441a7efc85b2b39aa2dab4', 40, 2, 'f6b6a6677eb9b92130fec6cfec2769ba'),
(132, 'CAMILO ANDRÉS', 'RODRIGUEZ GETZAMÁ', 'caarodriguezg@sena.edu.co', '92a502f6a38fd12920642045f1a00fad', 40, 2, '206437808f25916c03d6c921e6a39318'),
(133, 'CAMILO ORLANDO', 'ZAMUDIO PEREZ', 'cozamudio@sena.edu.co', '92a502f6a38fd12920642045f1a00fad', 40, 2, 'acfae7e82955e01d1b2142acbd1374db'),
(134, 'CARLOS DANIEL', 'HURTADO MUNEVAR', 'cdhurtado@sena.edu.co', 'dc2ddad432a981bbf945595ef17991bc', 32, 2, '60f52f53d5a9227cf30faadab23eeffc'),
(135, 'CESAR AUGUSTO', 'CHACON GOMEZ', 'cachacong@sena.edu.co', 'aef82162d3c81c119d2481bfc86f446f', 40, 2, '17126f2934d63cb690b1787ca3205510'),
(136, 'CLAUDIA ', 'SABOGAL GALEANO', 'Clausabogal@sena.edu.co', 'e240f35e8e64835919ce727ce642c8cd', 40, 2, '777066dfb3cb496cc8940a3e53032637'),
(137, 'CRISTIAN CAMILO', 'MORENO GARCIA', 'cmorenog@sena.edu.co', '9f9ec4f12421a650765d6e27b14ecbde', 40, 2, '3a67984bacc7d045bbe76672de64f816'),
(138, 'DIANA CAROLINA ', 'CABALLERO SAAVEDRA', 'dccaballero@sena.edu.co', '714d9296d6f607ccd0e162e9ad7bbf1f', 40, 2, '52a7c8974c6f2be014439ebc4e7f4ae3'),
(139, 'DIANA CONSTANZA ', 'HERRERA ÁLVAREZ ', 'dcherreraa@sena.edu.co', '714d9296d6f607ccd0e162e9ad7bbf1f', 40, 2, 'd7c90779b4f7441dc95d39dba60e315b'),
(140, 'DIANA MILENA ', 'FERLA RIVERA ', 'dferlar@sena.edu.co', '714d9296d6f607ccd0e162e9ad7bbf1f', 40, 2, '3ff4d3fe40a7906f0f57e555cf0c43b1'),
(141, 'DIANA PATRÍCIA', 'CUFIÑO PARRA', 'dcufino@sena.edu.co', '714d9296d6f607ccd0e162e9ad7bbf1f', 32, 2, 'b7aa4c069165d0dcd68b9f7a866ac3b3'),
(142, 'DIEGO ANDRÉS ', 'MURILLO ROZO', 'dmurilloro@sena.edu.co', '5feeb1676ea64a59f5856b9a8ddbdbdd', 40, 2, '5fefdf45157daa8156ba0bec58cdce35'),
(143, 'EDNA CAROLINA ', 'GONZÁLEZ HERNÁNDEZ', 'ecgonzalezh@sena.edu.co', '870f7c67c06123589d58eabc5b255b91', 40, 2, '1d4955ec4665d811533d92213c47d198'),
(144, 'EDWIN LEANDRO', 'MARENTES PEÑUELA', 'Emarentes@sena.edu.co', 'e033964bb67723f02803d7ae25c590f8', 40, 2, 'a75a1feab7f473e11e829c8e2eb14533'),
(145, 'ELIANA ', 'GARNICA NAMEN', 'egarnican@sena.edu.co', 'ec90be7ac96f77678d310b67f24c9e82', 32, 2, 'b67eea1eef5fd614c2d16294588ada10'),
(146, 'FABIO', 'RAMIREZ CASTRO', 'fabramirez@sena.edu.co', '94fbbce4e01431f3ee2e106ba8021582', 32, 2, 'eaa9b28a28041bad854029e75550f6a3'),
(147, 'GERMÁN ANDRÉS ', 'ARGAEZ CASTELLANOS', 'gaargaez@sena.edu.co', 'dfae2acaafb642d625a7702640dd1633', 40, 2, '234399e1a22358f8488d85f5229c63fa'),
(148, 'GUSTAVO ALONSO ', 'SIABATO PIRACON', 'gasiabato@sena.edu.co', '8f197d0ad061b1ddcaa1c1c237e90256', 32, 2, '22149592f6b676ab669c65c6eb02e1a2'),
(149, 'GUSTAVO TOMÁS ', 'MORENO TIUSABA', 'gtmoreno@sena.edu.co', '8f197d0ad061b1ddcaa1c1c237e90256', 40, 2, 'a6677c3ceacbf05f824d50877c3bd4e7'),
(150, 'HECTOR FABIO', 'SANCHEZ MAZUERA', 'hsanchezm@sena.edu.co', 'd4d3b39d128e47161eaecd7557dbf1ed', 32, 2, 'ddb806316c53342c533e8cfb0d1f519f'),
(151, 'HENRY ALFONSO', 'CORDOBA RONDÓN', 'hacordoba@sena.edu.co', '9fb935f28573108b68cf83df2a36e01e', 32, 2, '4bf17c8e4b69e6e4ad9ce22994024bd6'),
(152, 'HERNAN ANDRES ', 'FONSECA RAMIREZ', 'hfonsecar@sena.edu.co', '6223684140a29888e289bc44842dc7bd', 40, 2, 'cb1f4d7d44e46b25fa5c5f94f89a8a0a'),
(153, 'JAIME ', 'OCTAVIO CAJAMARCA ', 'jocajamarca@sena.edu.co', '9bd3fed3e0f6cd354eebb4a117bd270d', 32, 2, '24a606c8b15fbd865c37e087b6d797a0'),
(154, 'JAIRO GUSTAVO ', 'LÓPEZ FORERO', 'jglopezf@sena.edu.co', '34cf44f9597c1d3ea805b1301091e0e9', 32, 2, '63515ffda707ef73d0b0006bd9be2783'),
(155, 'JAVIER ENRIQUE ', 'CARREÑO MUÑOZ', 'jecarrenom@sena.edu.co', '3cc41b6f55a6bc9c9dfa697cd5a7a828', 32, 2, '84fc139b4f966ada8cad92e7f55126f8'),
(156, 'JEISSON FABIAN ', 'SILVA ZARTA', 'jfsilva@sena.edu.co', '3111cd98033c3e10de199dc07668692f', 32, 2, '56b42c30d90a6e3f7d57a199738a7bb1'),
(157, 'JHON MAURICIO ', 'MORENO GARCIA', 'jmorenog@sena.edu.co', 'ae49deec31768232bc7fc3088b55353b', 40, 2, '1621e5c47d717db2888169eae0dbd700'),
(158, 'JORGE ALBERTO ', 'GARCÍA GARCÍA ', 'Jgarciag@sena.edu.co', '1e169b596d42896a6142cd2c74be8d1a', 32, 2, 'a844573c9b5b417e10ddce86fcbe6256'),
(159, 'JORGE ENRIQUE', 'BERNAL MEDINA', 'jebernalm@sena.edu.co', '1e169b596d42896a6142cd2c74be8d1a', 32, 2, 'bafa0aaba11fe1ad627d5d5b0f5ef433'),
(160, 'JORGE ENRIQUE ', 'VILLAFRADEZ PEÑA ', 'jevillafradez@sena.edu.co', '1e169b596d42896a6142cd2c74be8d1a', 32, 2, '26977a1ab22e0e09ed8b2200a3138107'),
(161, 'JORGE IVAN ', 'CABRERA DURAN', 'jicabrerad@sena.edu.co', '1e169b596d42896a6142cd2c74be8d1a', 40, 2, 'acf107305cdf6c184339842fd322f070'),
(162, 'JOSE EDUARDO ', 'OVALLE LEAL', 'jeovalle@sena.edu.co', '914e997849cd894df7774b8812d6f511', 32, 2, '223ebaa29a30d7d587042292fe78ddc9'),
(163, 'JUAN CARLOS ', 'MARIN FAJARDO', 'jmarinf@sena.edu.co', '2041a4abefdd484d18756649cbd3dcd4', 32, 2, '5d1e2caa4dec89f2fdffd9670e0ff02d'),
(164, 'JUAN DE JESUS ', 'BEDOYA BETANCUR', 'jjbedoya@sena.edu.co', '2041a4abefdd484d18756649cbd3dcd4', 40, 2, '229b9ddfea33104a895aac92ef4e0f1b'),
(165, 'JUAN FRANCISCO ', 'LOPEZ DIAZ', 'jlopezdi@sena.edu.co', '2041a4abefdd484d18756649cbd3dcd4', 40, 2, '637200a579867703747aa16134447a59'),
(166, 'JUAN FRANCISCO NICOLAS', 'MARTINEZ FRANCO', 'jfmartinezf@sena.edu.co', '2041a4abefdd484d18756649cbd3dcd4', 40, 2, 'a2997db594394a351a57084a06fffd9c'),
(167, 'JULIÁN RODOLFO ', 'RODRÍGUEZ MARTINEZ', 'jurodriguezm@sena.edu.co', '3ef71e5acfa873ae705d6e85796aa87b', 40, 2, '3b5f5535d6a26e9faad841d156077d8c'),
(168, 'JULLIETH CATHERINE ', 'GÁMEZ VARGAS', 'jgamezv@sena.edu.co', '9e999d1f80108e4d85ee575c199e437d', 32, 2, 'a249ab133bd40ba911bc8ff498ce97b5'),
(169, 'KARIN ADRIANA ', 'RODRÍGUEZ VARGAS', 'karodriguez@sena.edu.co', 'fd124fd246d641671ab6de16122c3e74', 32, 2, '8e575fe7b1af169f330f965f6c99450b'),
(170, 'KATHERINNE ', 'SÁNCHEZ GÓMEZ', 'ksanchezg@sena.edu.co', '1ea3f267a80b87a856f268d506e4f871', 40, 2, 'd47d1f10830868b610b9ae8179b81b4d'),
(171, 'LEIDY JOHANNA ', 'CIFUENTES MARTINEZ ', 'lcifuentesm@sena.edu.co', 'b7bfd4d261c9afc0774c327f8be8c458', 40, 2, 'f0cf0efe09776a2e778bb4002eff9779'),
(172, 'LEIDY ', 'SALAS QUIROGA ', 'lsalasq@sena.edu.co', 'b7bfd4d261c9afc0774c327f8be8c458', 40, 2, '089b1f775fbee58505d0e8ebb1f723f7'),
(173, 'LINCOLN DANIEL ', 'ACEVEDO AMAYA', 'ldacevedo@sena.edu.co', 'f057c91cc357405e97d4f291e11364ef', 40, 2, '25045790baff5fc5e64b766c8d526505'),
(174, 'LUIS ARMANDO ', 'CASTRO ESTUPIÑAN', 'lcastroest@sena.edu.co', '232d5c64f71cbcf73121c48b0d839517', 40, 2, '8ad3d9a3e5791be286fddb3d25f6333a'),
(175, 'LUIS FERNANDO ', 'ROJAS PEÑA', 'lrojasp@sena.edu.co', '232d5c64f71cbcf73121c48b0d839517', 40, 2, '6c9e31f1de4d00324c9693ca752e5745'),
(176, 'MARÍA DE JESÚS', ' LÓPEZ BOBADILLA ', 'mjlopezb@sena.edu.co', 'e2d63ca95734d25e67939c94684251a2', 40, 2, 'eadbe64e9d1f496c016c1abdf23c42b3'),
(177, 'MARÍA EUGENIA ', 'CALLE RUIZ', 'macalle@sena.edu.co', 'e2d63ca95734d25e67939c94684251a2', 0, 2, '441056aaf646bdb2d7b92394386ec6d6'),
(178, 'MARTHA CECILIA ', 'GORDILLO RODRIGUEZ', 'mgordillor@sena.edu.co', '18344e3b8f2c0be5ed6509e4272a18ec', 32, 2, 'a7cc128532bf3559edb7a949078b9211'),
(179, 'MIRYAM MARCELA ', 'PLATA GÓMEZ', 'mmplata@sena.edu.co', '28997e3d698f3b1a0d4d805ea0c1100a', 40, 2, '99182934acddb22f3adb7d84b5ae1c8f'),
(180, 'NELSON GABRIEL ', 'CHAVEZ RINCON', 'ngchavez@misena.edu.co', '859244900cc01db66380f374035f0547', 40, 2, '3ada7208e35911493c155cf029e6f763'),
(181, 'NELSON ROGELIO ', 'PRIETO DIAZ', 'nrprieto@sena.edu.co', '859244900cc01db66380f374035f0547', 32, 2, '0852269c602353125dfdf7dca49552dd'),
(182, 'NEMECIO ELI ', 'MORENO BORDA', 'nemoreno@sena.edu.co', 'ab0ccda8cb6d85c858f50f28ff922c52', 32, 2, '49de1b0fc5edad4eaa773297bf99230d'),
(183, 'NESTOR ANDRES ', 'CHACON DIAZ', 'Nachacon@sena.edu.co', '3d5ea2a7563695bfdde3b9f027fae09f', 40, 2, 'ac36b19c6bae7edc9edfe25f0dc42b06'),
(184, 'NICOLÁS ', 'GARCÍA VELANDIA', 'nigarciav@sena.edu.co', '0525da24cf93cff8f2a743532211d10c', 40, 2, 'a27095597d717bee7689447d9050d88a'),
(185, 'NURY STELLA ', 'GODOY MONTAÑO', 'nsgodoy3@misena.edu.co', 'c5ab65b95153fdead9226c29241d9dcf', 40, 2, '6bbf9f5c5c3c2782a0de53c6866e77d5'),
(186, 'OMAR ', 'VALDERRAMA ALARCÓN ', 'ovalderramaa@sena.edu.co', '2f72d8c34b78c151ec06a2071d7902d3', 32, 2, 'a58fd8f9351a90ed1047cd9dfaab84e4'),
(187, 'OSCAR DARIO ', 'RODRIGUEZ VILLOTA', 'odrodriguezv@sena.edu.co', 'a14fdb4249f8d2bf03fa390dceb7dad7', 40, 2, '68d2a6606243f099180c65a1bf31bc29'),
(188, 'OSWALDO ', 'PEREZ MURILLO', 'Operezmu@sena.edu.co', '7d3df33f0c843430390397da2e74790b', 40, 2, '44cd81911859ceef0d2ca94cb581c740'),
(189, 'PEDRO ELÍAS ', 'RIAÑO SANABRIA', 'Perianos@sena.edu.co', '94c50601ed12b467ae5e9a70e7e3713d', 32, 2, 'cad881ac176c70609b682b0197974fcf'),
(190, 'RICARDO ', 'CAICEDO GOMEZ', 'rcaicedog@sena.edu.co', 'c67d3419750f4fe132df917983003b60', 32, 2, '1471a412bec61372b3bfd6816d889a6e'),
(191, 'RICARDO ', 'MANTILLA ALAYÓN', 'rmantillaa@sena.edu.co', 'c67d3419750f4fe132df917983003b60', 40, 2, 'f32f400426a2a54c1020cbc3ba1678d9'),
(192, 'SANDRA LILIANA ', 'ZABALA VIVAS', 'slzabalavivas@sena.edu.co', 'e19372b25583313590c3afbf4d021607', 40, 2, '63d8668df72740684c7f8ba13f0a0708'),
(193, 'VERÓNICA JOHANA ', 'SUÁREZ MOLINA ', 'Vjsuarezm@sena.edu.co', 'ef5caeca1dd7c1722a0cf1797b541384', 32, 2, 'd104d2926bca0139ca02274e848876d0'),
(194, 'WILLIAN ROBERTO ', 'RUIZ ROMERO', 'wrruiz@sena.edu.co', 'f5e2bbd08ab977c6580d0c169706a89c', 40, 2, 'a1e9611c20bc9b8a4b693148c3aae51d'),
(195, 'YELY YAMILE ', 'FLOREZ RIVERA', 'yyflorez@sena.edu.co', '5af76726a3520c5bf784d24fe441857e', 40, 2, 'f22b074190cd550ae4993500cbb515ab'),
(196, 'ZULMA PATRICIA ', 'ROLDAN DUEÑAS', 'zroldan@sena.edu.co', '783e2fef655178b59158eaa0f673f4d9', 40, 2, '246a1d4534cc0bd4530000f5953e9b0b'),
(197, 'LUIS', 'ALBERTO GARCIA', 'lalberto8@misena.edu.co', '232d5c64f71cbcf73121c48b0d839517', 40, 2, '41377a0fecca46d7e1b13282b3b188e4'),
(198, 'LUZ', 'DARY COLLAZOS', 'ldcollazos37@misena.edu.co', '45c624ad24d200dc0d55f4e40d25e4d9', 40, 2, '1d2266f582cbf0f489172cdedc9373cd'),
(199, 'SONIA', 'MORENO', 'smoreno15@misena.edu.co', '22c33501b7e7c4487b3c28c74978eb41', 40, 2, '3021e7aa96b3b2870ac8bc7bed8f67e1'),
(200, 'HENRY', 'BELLO LOZANO', 'hbellol@sena.edu.co', '9fb935f28573108b68cf83df2a36e01e', 40, 2, '5011f5ecea25222832a08cdaa93e56e8'),
(201, 'ANDRES', 'FONSECA', 'hafonseca8@misena.edu.co', '7fb1829a96441a7efc85b2b39aa2dab4', 40, 2, '54e7fbbb751194cc576f9cfaa3456c48');

-- --------------------------------------------------------

--
-- Estructura de tabla para la tabla `programa`
--

CREATE TABLE `programa` (
  `id_program` int(11) NOT NULL,
  `Nom_program` varchar(100) NOT NULL,
  `nivel_form` varchar(45) NOT NULL
) ENGINE=InnoDB DEFAULT CHARSET=utf8mb4 COLLATE=utf8mb4_general_ci;

--
-- Volcado de datos para la tabla `programa`
--

INSERT INTO `programa` (`id_program`, `Nom_program`, `nivel_form`) VALUES
(88524521, 'ANIMACION 3D', 'Tecnólogo'),
(88524522, 'INTEGRACION DE CONTENIDOS DIGITALES', 'Técnico'),
(88524523, 'PRODUCCION DE MULTIMEDIA', 'Tecnólogo'),
(88524524, 'ANIMACION DIGITAL', 'Tecnólogo'),
(88524525, 'ELABORACION DE AUDIOVISUALES', 'Técnico'),
(88524526, 'IMPRESION DIGITAL', 'Técnico'),
(88524527, 'IMPRESIÓN SERIGRAFICA', 'Técnico'),
(88524528, 'PREPRENSA DIGITAL PARA MEDIOS IMPRESOS', 'Técnico'),
(88524529, 'PROGRAMACION DE SOFTWARE', 'Técnico'),
(88524530, 'PROCESOS DE POSTPRENSA PARA LA INDUSTRIA GRAFICA', 'Técnico'),
(88524531, 'IMPRESION FLEXOGRAFICA', 'Técnico'),
(88524532, 'ANALISIS Y DESARROLLO DE SISTEMAS DE INFORMACION', 'Tecnólogo'),
(88524533, 'SUPERVISION DE PROCESOS GRAFICOS', 'Tecnólogo'),
(88524534, 'SISTEMAS', 'Técnico'),
(88524535, 'DESARROLLO DE MEDIOS GRAFICOS VISUALES', 'Tecnólogo'),
(88524536, 'FOTOGRAFIA Y PROCESOS DIGITALES', 'Tecnólogo');

-- --------------------------------------------------------

--
-- Estructura de tabla para la tabla `resultados`
--

CREATE TABLE `resultados` (
  `id` int(11) NOT NULL,
  `resultados` text DEFAULT NULL,
  `instructor_resultados` varchar(25) DEFAULT NULL,
  `programas_id` int(11) NOT NULL
) ENGINE=InnoDB DEFAULT CHARSET=utf8mb4 COLLATE=utf8mb4_general_ci;

--
-- Volcado de datos para la tabla `resultados`
--

INSERT INTO `resultados` (`id`, `resultados`, `instructor_resultados`, `programas_id`) VALUES
(152, '220201501-02 SOLUCIONAR PROBLEMAS ASOCIADOS CON EL SECTOR PRODUCTIVO CON BASE EN LOS PRINCIPIOS Y\nLEYES DE LA F?SICA.', '', 88524532),
(153, '220201501-04 PROPONER ACCIONES DE MEJORA EN LOS PROCESOS PRODUCTIVOS DE ACUERDO CON LOS PRINCIPIOS\nY LEYES DE LA F?SICA.', '', 88524532),
(154, '220201501-03 VERIFICAR LAS TRANSFORMACIONES F?SICAS DE LA MATERIA UTILIZANDO HERRAMIENTAS', '', 88524532),
(155, '220201501-01 IDENTIFICAR LOS PRINCIPIOS Y LEYES DE LA F?SICA EN LA SOLUCI?N DE PROBLEMAS DE ACUERDO AL\nCONTEXTO PRODUCTIVO.', '', 88524532),
(156, '220601501-04 PROPONER ACCIONES DE MEJORA PARA EL MANEJO AMBIENTAL Y EL CONTROL DE LA SST, DE ACUERDO\nCON ESTRATEGIAS DE TRABAJO, COLABORATIVO, COOPERATIVO Y COORDINADO EN EL CONTEXTO\nPRODUCTIVO Y SOCIAL.', '', 88524532),
(157, '220601501-01 ANALIZAR LAS ESTRATEGIAS PARA LA PREVENCI?N Y CONTROL DE LOS IMPACTOS AMBIENTALES Y DE ACCIDENTES Y ENFERMEDADES LABORALES (ATEL) DE ACUERDO CON LAS POL?TICAS ORGANIZACIONALES Y\nEL ENTORNO SOCIAL.', '', 88524532),
(158, '220601501-03 REALIZAR SEGUIMIENTO Y ACOMPA?AMIENTO AL DESARROLLO DE LOS PLANES Y PROGRAMAS\nAMBIENTALES Y SST, SEG?N EL ?REA DE DESEMPE?O.', '', 88524532),
(159, '220601501-02 IMPLEMENTAR ESTRATEGIAS PARA EL CONTROL DE LOS IMPACTOS AMBIENTALES Y DE LOS ACCIDENTES\nY ENFERMEDADES DE ACUERDO CON LOS PLANES Y PROGRAMAS ESTABLECIDOS POR LA ORGANIZACI?N.', '', 88524532),
(160, '220501098-02 VERIFICAR LA CALIDAD DEL SOFTWARE DE ACUERDO CON LAS PR?CTICAS ASOCIADAS EN LOS\nPROCESOS DE DESARROLLO.', '', 88524532),
(161, '220501098-03 REALIZAR ACTIVIDADES DE MEJORA DE LA CALIDAD DEL SOFTWARE A PARTIR DE LOS RESULTADOS DE LA\nVERIFICACI?N.', '', 88524532),
(162, '220501098-01 INCORPORAR ACTIVIDADES DE ASEGURAMIENTO DE LA CALIDAD DEL SOFTWARE DE ACUERDO CON\nEST?NDARES DE LA INDUSTRIA.', '', 88524532),
(163, '220501096-03 CREAR COMPONENTES FRONT-END DEL SOFTWARE DE ACUERDO CON EL DISE?O.', '', 88524532),
(164, '220501096-05 REALIZAR PRUEBAS AL SOFTWARE PARA VERIFICAR SU FUNCIONALIDAD.', '', 88524532),
(165, '220501096-01 PLANEAR ACTIVIDADES DE CONSTRUCCI?N DEL SOFTWARE DE ACUERDO CON EL DISE?O ESTABLECIDO.', '', 88524532),
(166, '220501096-02 CONSTRUIR LA BASE DE DATOS PARA EL SOFTWARE A PARTIR DEL MODELO DE DATOS.', '', 88524532),
(167, '220501096-04 CODIFICAR EL SOFTWARE DE ACUERDO CON EL DISE?O ESTABLECIDO.', '', 88524532),
(168, '240201524-03 RELACIONAR LOS PROCESOS COMUNICATIVOS TENIENDO EN CUENTA CRITERIOS DE L?GICA Y\nRACIONALIDAD.', '', 88524532),
(169, '240201524-01 ANALIZAR LOS COMPONENTES DE LA COMUNICACI?N SEG?N SUS CARACTER?STICAS, INTENCIONALIDAD\nY CONTEXTO.', '', 88524532),
(170, '240201524-04 ESTABLECER PROCESOS DE ENRIQUECIMIENTO LEXICAL Y ACCIONES DE MEJORAMIENTO EN EL\nDESARROLLO DE PROCESOS COMUNICATIVOS SEG?N REQUERIMIENTOS DEL CONTEXTO.', '', 88524532),
(171, '240201524-02 ARGUMENTAR EN FORMA ORAL Y ESCRITA ATENDIENDO LAS EXIGENCIAS Y PARTICULARIDADES DE LAS\nDIVERSAS SITUACIONES COMUNICATIVAS MEDIANTE LOS DISTINTOS SISTEMAS DE REPRESENTACI?N.', '', 88524532),
(172, '220501095-03 DETERMINAR LAS CARACTER?STICAS T?CNICAS DE LA INTERFAZ GR?FICA DEL SOFTWARE ADOPTANDO\nEST?NDARES.', '', 88524532),
(173, '220501095-02 ESTRUCTURAR EL MODELO DE DATOS DEL SOFTWARE DE ACUERDO CON LAS ESPECIFICACIONES DEL\nAN?LISIS.', '', 88524532),
(174, '220501095-04 VERIFICAR LOS ENTREGABLES DE LA FASE DE DISE?O DEL SOFTWARE DE ACUERDO CON LO\nESTABLECIDO EN EL INFORME DE AN?LISIS.', '', 88524532),
(175, '220501095-01 ELABORAR LOS ARTEFACTOS DE DISE?O DEL SOFTWARE SIGUIENDO LAS PR?CTICAS DE LA\nMETODOLOG?A SELECCIONADA.', '', 88524532),
(176, '210201501-01- Reconocer el trabajo como factor de movilidad social y transformaci?n vital con referencia a la fenomenolog?a y a los\nderechos fundamentales en el trabajo.', '', 88524532),
(177, '210201501-03- Practicar los derechos fundamentales en el trabajo de acuerdo con la Constituci?n Pol?tica y los Convenios\nInternacionales.', '', 88524532),
(178, '210201501-02- Valorar la importancia de la ciudadan?a laboral con base en el estudio de los derechos humanos y fundamentales en el\ntrabajo.', '', 88524532),
(179, '210201501-04- Participar en acciones solidarias teniendo en cuenta el ejercicio de los derechos humanos, de los pueblos y de la\nnaturaleza.', '', 88524532),
(180, '240201526-02 ESTABLECER RELACIONES DE CRECIMIENTO PERSONAL Y COMUNITARIO A PARTIR DEL BIEN COM?N\nCOMO APORTE PARA EL DESARROLLO SOCIAL.', '', 88524532),
(181, '240201526-03 PROMOVER EL USO RACIONAL DE LOS RECURSOS NATURALES A PARTIR DE CRITERIOS DE\nSOSTENIBILIDAD Y SUSTENTABILIDAD ?TICA Y NORMATIVA VIGENTE.', '', 88524532),
(182, '240201526-01 PROMOVER MI DIGNIDAD Y LA DEL OTRO A PARTIR DE LOS PRINCIPIOS Y VALORES ?TICOS COMO APORTE\nEN LA INSTAURACI?N DE UNA CULTURA DE PAZ.', '', 88524532),
(183, '240201526-04 CONTRIBUIR CON EL FORTALECIMIENTO DE LA CULTURA DE PAZ A PARTIR DE LA DIGNIDAD HUMANA Y LAS\nESTRATEGIAS PARA LA TRANSFORMACI?N DE CONFLICTOS.', '', 88524532),
(184, '220501092-02 RECOLECTAR INFORMACI?N DEL SOFTWARE A CONSTRUIR DE ACUERDO CON LAS NECESIDADES DEL\nCLIENTE.', '', 88524532),
(185, '220501092-04 VALIDAR EL INFORME DE REQUISITOS DE ACUERDO CON LAS NECESIDADES DEL CLIENTE.', '', 88524532),
(186, '220501092-01 CARACTERIZAR LOS PROCESOS DE LA ORGANIZACI?N DE ACUERDO CON EL SOFTWARE A CONSTRUIR.', '', 88524532),
(187, '220501092-03 ESTABLECER LOS REQUISITOS DEL SOFTWARE DE ACUERDO CON LA INFORMACI?N RECOLECTADA.', '', 88524532),
(188, '220501094-01 DEFINIR ESPECIFICACIONES T?CNICAS DEL SOFTWARE DE ACUERDO CON LAS CARACTER?STICAS DEL\nSOFTWARE A CONSTRUIR.', '', 88524532),
(189, '220501094-03 VALIDAR LAS CONDICIONES DE LA PROPUESTA T?CNICA DEL SOFTWARE DE ACUERDO CON LOS\nINTERESES DE LAS PARTES.', '', 88524532),
(190, '220501094-02 ELABORAR PROPUESTA T?CNICA DEL SOFTWARE DE ACUERDO CON LAS ESPECIFICACIONES T?CNICAS\nDEFINIDAS.', '', 88524532),
(191, '220501093-02 MODELAR LAS FUNCIONES DEL SOFTWARE DE ACUERDO CON EL INFORME DE REQUISITOS.', '', 88524532),
(192, '220501093-04 VERIFICAR LOS MODELOS REALIZADOS EN LA FASE DE AN?LISIS DE ACUERDO CON LO ESTABLECIDO EN\nEL INFORME DE REQUISITOS.', '', 88524532),
(193, '220501093-01 PLANEAR ACTIVIDADES DE AN?LISIS DE ACUERDO CON LA METODOLOG?A SELECCIONADA.', '', 88524532),
(194, '220501093-03 DESARROLLAR PROCESOS L?GICOS A TRAV?S DE LA IMPLEMENTACI?N DE ALGORITMOS.', '', 88524532),
(195, '230101507-02 PRACTICAR H?BITOS SALUDABLES MEDIANTE LA APLICACI?N DE FUNDAMENTOS DE NUTRICI?N E', '', 88524532),
(196, '230101507-01 DESARROLLAR HABILIDADES PSICOMOTRICES EN EL CONTEXTO PRODUCTIVO Y SOCIAL.', '', 88524532),
(197, '230101507-03 EJECUTAR ACTIVIDADES DE ACONDICIONAMIENTO F?SICO ORIENTADAS HACIA EL MEJORAMIENTO DE LA\nCONDICI?N F?SICA EN LOS CONTEXTOS PRODUCTIVO Y SOCIAL.', '', 88524532),
(198, '230101507-04 IMPLEMENTAR UN PLAN DE ERGONOM?A Y PAUSAS ACTIVAS SEG?N LAS CARACTER?STICAS DE LA\nFUNCI?N PRODUCTIVA.', '', 88524532),
(199, '240201529-02 CARACTERIZAR LA IDEA DE NEGOCIO TENIENDO EN CUENTA LAS OPORTUNIDADES Y NECESIDADES DEL\nSECTOR PRODUCTIVO Y SOCIAL.', '', 88524532),
(200, '240201529-03 ESTRUCTURAR EL PLAN DE NEGOCIO DE ACUERDO CON LAS CARACTER?STICAS EMPRESARIALES Y\nTENDENCIAS DE MERCADO.', '', 88524532),
(201, '240201529-04 VALORAR LA PROPUESTA DE NEGOCIO CONFORME CON SU ESTRUCTURA Y NECESIDADES DEL SECTOR\nPRODUCTIVO Y SOCIAL.', '', 88524532),
(202, '240201529-01 INTEGRAR ELEMENTOS DE LA CULTURA EMPRENDEDORA TENIENDO EN CUENTA EL PERFIL PERSONAL Y\nEL CONTEXTO DE DESARROLLO SOCIAL.', '', 88524532),
(203, '240202501-06 EXPLICAR LAS FUNCIONES DE SU OCUPACI?N LABORAL USANDO EXPRESIONES DE ACUERDO AL NIVEL\nREQUERIDO POR EL PROGRAMA DE FORMACI?N.', '', 88524532),
(204, '240202501-04 IMPLEMENTAR ACCIONES DE MEJORA RELACIONADAS CON EL USO DE EXPRESIONES, ESTRUCTURAS Y\nDESEMPE?O SEG?N LOS RESULTADOS DE APRENDIZAJE FORMULADOS PARA EL PROGRAMA.', '', 88524532),
(205, '240202501-02 INTERCAMBIAR OPINIONES SOBRE SITUACIONES COTIDIANAS Y LABORALES ACTUALES, PASADAS Y\nFUTURAS EN CONTEXTOS SOCIALES ORALES Y ESCRITOS.', '', 88524532),
(206, '240202501-05 PRESENTAR UN PROCESO PARA LA REALIZACI?N DE UNA ACTIVIDAD EN SU QUEHACER LABORAL DE\nACUERDO CON LOS PROCEDIMIENTOS ESTABLECIDOS DESDE SU PROGRAMA DE FORMACI?N.', '', 88524532),
(207, '240202501-01 COMPRENDER INFORMACI?N SOBRE SITUACIONES COTIDIANAS Y LABORALES ACTUALES Y FUTURAS A\nTRAV?S DE INTERACCIONES SOCIALES DE FORMA ORAL Y ESCRITA.', '', 88524532),
(208, '240202501-03 DISCUTIR SOBRE POSIBLES SOLUCIONES A PROBLEMAS DENTRO DE UN RANGO VARIADO DE CONTEXTOS\nSOCIALES Y LABORALES.', '', 88524532),
(209, '220501097-03 DOCUMENTAR EL PROCESO DE IMPLANTACI?N DE SOFTWARE SIGUIENDO EST?NDARES DE CALIDAD.', '', 88524532),
(210, '220501097-02 DESPLEGAR EL SOFTWARE DE ACUERDO CON LA ARQUITECTURA Y LAS POL?TICAS ESTABLECIDAS.', '', 88524532),
(211, '220501097-01 PLANEAR ACTIVIDADES DE IMPLANTACI?N DEL SOFTWARE DE ACUERDO CON LAS CONDICIONES DEL\nSISTEMA.', '', 88524532),
(212, '220501097-04 IMPLANTAR EL SOFTWARE DE ACUERDO CON LOS NIVELES DE SERVICIO ESTABLECIDOS CON EL CLIENTE.', '', 88524532),
(213, '240201064-04 PROPONER SOLUCIONES A LAS NECESIDADES DEL CONTEXTO SEG?N RESULTADOS DE LA', '', 88524532),
(214, '240201064-01 ANALIZAR EL CONTEXTO PRODUCTIVO SEG?N SUS CARACTER?STICAS Y NECESIDADES.', '', 88524532),
(215, '240201064-03 ARGUMENTAR ASPECTOS TE?RICOS DEL PROYECTO SEG?N REFERENTES NACIONALES E', '', 88524532),
(216, '240201064-02 ESTRUCTURAR EL PROYECTO DE ACUERDO A CRITERIOS DE LA INVESTIGACI?N.', '', 88524532),
(217, '999999999-01 APLICAR EN LA RESOLUCI?N DE PROBLEMAS REALES DEL SECTOR PRODUCTIVO, LOS CONOCIMIENTOS,\nHABILIDADES Y DESTREZAS PERTINENTES A LAS COMPETENCIAS DEL PROGRAMA DE FORMACI?N\nASUMIENDO ESTRATEGIAS Y METODOLOG?AS DE AUTOGESTI?N', '', 88524532),
(218, '240201528-03 RESOLVER PROBLEMAS MATEM?TICOS A PARTIR DE SITUACIONES GENERADAS EN EL CONTEXTO SOCIAL\nY PRODUCTIVO.', '', 88524532),
(219, '240201528-01 IDENTIFICAR MODELOS MATEM?TICOS DE ACUERDO CON LOS REQUERIMIENTOS DEL PROBLEMA\nPLANTEADO EN CONTEXTOS SOCIALES Y PRODUCTIVO.', '', 88524532),
(220, '240201528-04 PROPONER ACCIONES DE MEJORA FRENTE A LOS RESULTADOS DE LOS PROCEDIMIENTOS MATEM?TICOS\nDE ACUERDO CON EL PROBLEMA PLANTEADO.', '', 88524532),
(221, '240201528-02 PLANTEAR PROBLEMAS MATEM?TICOS A PARTIR DE SITUACIONES GENERADAS EN EL CONTEXTO SOCIAL\nY PRODUCTIVO.', '', 88524532),
(222, '240201530-01 IDENTIFICAR LA DIN?MICA ORGANIZACIONAL DEL SENA Y EL ROL DE LA FORMACI?N PROFESIONAL\nINTEGRAL DE ACUERDO CON SU PROYECTO DE VIDA Y EL DESARROLLO PROFESIONAL.', '', 88524532),
(223, '220501046-02 APLICAR FUNCIONALIDADES DE HERRAMIENTAS Y SERVICIOS TIC, DE ACUERDO CON MANUALES DE USO,\nPROCEDIMIENTOS ESTABLECIDOS Y BUENAS PR?CTICAS.', '', 88524532),
(224, '220501046-04 OPTIMIZAR LOS RESULTADOS, DE ACUERDO CON LA VERIFICACI?N.', '', 88524532),
(225, '220501046-03 EVALUAR LOS RESULTADOS, DE ACUERDO CON LOS REQUERIMIENTOS.', '', 88524532),
(226, '220501046-01 ALISTAR HERRAMIENTAS DE TECNOLOG?AS DE LA INFORMACI?N Y LA COMUNICACI?N (TIC), DE ACUERDO\nCON LAS NECESIDADES DE PROCESAMIENTO DE INFORMACI?N Y COMUNICACI?N.', '', 88524532),
(227, '220201501-IDENTIFICAR LOS PRINCIPIOS Y LEYES DE LA F?SICA EN LA SOLUCI?N DE PROBLEMAS DE ACUERDO AL\nCONTEXTO PRODUCTIVO.', '', 88524521),
(228, '220201501-PROPONER ACCIONES DE MEJORA EN LOS PROCESOS PRODUCTIVOS DE ACUERDO CON LOS PRINCIPIOS Y\nLEYES DE LA F?SICA.', '', 88524521),
(229, '220201501-SOLUCIONAR PROBLEMAS ASOCIADOS CON EL SECTOR PRODUCTIVO CON BASE EN LOS PRINCIPIOS Y LEYES\nDE LA F?SICA.', '', 88524521),
(230, '220201501-VERIFICAR LAS TRANSFORMACIONES F?SICAS DE LA MATERIA UTILIZANDO HERRAMIENTAS TECNOL?GICAS.', '', 88524521),
(231, '220601501-ANALIZAR LAS ESTRATEGIAS PARA LA PREVENCI?N Y CONTROL DE LOS IMPACTOS AMBIENTALES Y DE LOS\nACCIDENTES Y ENFERMEDADES LABORALES (ATEL) DE ACUERDO CON LAS POL?TICAS ORGANIZACIONALES Y\nEL ENTORNO SOCIAL.', '', 88524521),
(232, '220601501-REALIZAR SEGUIMIENTO Y ACOMPA?AMIENTO AL DESARROLLO DE LOS PLANES Y PROGRAMAS\nAMBIENTALES Y SST, SEG?N EL ?REA DE DESEMPE?O.', '', 88524521),
(233, '220601501-PROPONER ACCIONES DE MEJORA PARA EL MANEJO AMBIENTAL Y EL CONTROL DE LA SST, DE ACUERDO\nCON ESTRATEGIAS DE TRABAJO, COLABORATIVO, COOPERATIVO Y COORDINADO EN EL CONTEXTO\nPRODUCTIVO Y SOCIAL.', '', 88524521),
(234, '220601501-IMPLEMENTAR ESTRATEGIAS PARA EL CONTROL DE LOS IMPACTOS AMBIENTALES Y DE LOS ACCIDENTES Y\nENFERMEDADES DE ACUERDO CON LOS PLANES Y PROGRAMAS ESTABLECIDOS POR LA ORGANIZACI?N.', '', 88524521),
(235, '220501084-ILUMINAR LAS ESCENAS DE ACUERDO A LOS PAR?METROS DEFINIDOS.', '', 88524521),
(236, '220501084-CONSTRUIR SISTEMAS DE CONTROLES DE MOVIMIENTO SEG?N LAS CARACTER?STICAS DEL MODELO.', '', 88524521),
(237, '220501084-ANIMAR LOS ELEMENTOS 3D EN LA ESCENA DE ACUERDO CON EN EL STORYBOARD.', '', 88524521),
(238, '220501084-REVISAR LA ESCENA ANIMADA DE ACUERDO CON EL STORYBOARD.', '', 88524521),
(239, '220501084-COMPONER LA ESCENA DE ACUERDO A LO ESTABLECIDO EN EL STORYBOARD.', '', 88524521),
(240, '240201524-ARGUMENTAR EN FORMA ORAL Y ESCRITA ATENDIENDO LAS EXIGENCIAS Y PARTICULARIDADES DE LAS\nDIVERSAS SITUACIONES COMUNICATIVAS MEDIANTE LOS DISTINTOS SISTEMAS DE REPRESENTACI?N.', '', 88524521),
(241, '240201524-RELACIONAR LOS PROCESOS COMUNICATIVOS TENIENDO EN CUENTA CRITERIOS DE L?GICA Y', '', 88524521),
(242, '240201524-ESTABLECER PROCESOS DE ENRIQUECIMIENTO LEXICAL Y ACCIONES DE MEJORAMIENTO EN EL\nDESARROLLO DE PROCESOS COMUNICATIVOS SEG?N REQUERIMIENTOS DEL CONTEXTO.', '', 88524521),
(243, '240201524-ANALIZAR LOS COMPONENTES DE LA COMUNICACI?N SEG?N SUS CARACTER?STICAS, INTENCIONALIDAD Y\nCONTEXTO.', '', 88524521),
(244, '250201022-DESARROLLAR EL STORYBOARD TENIENDO EN CUENTA EL AN?LISIS DEL GUION.', '', 88524521),
(245, '250201022-VALIDAR EL STORYBOARD DE ACUERDO CON EL GUION.', '', 88524521),
(246, '250201022-ANALIZAR EL GUION PARA DESARROLLAR EL STORYBOARD.', '', 88524521),
(247, '250201022-EXPONER EL STORYBOARD DE ACUERDO A LAS NECESIDADES DEL PROYECTO Y DEL CONTEXTO.', '', 88524521),
(248, '210201501-03- Practicar los derechos fundamentales en el trabajo de acuerdo con la Constituci?n Pol?tica y los Convenios\nInternacionales.', '', 88524521),
(249, '210201501-01- Reconocer el trabajo como factor de movilidad social y transformaci?n vital con referencia a la fenomenolog?a y a los\nderechos fundamentales en el trabajo.', '', 88524521),
(250, '210201501-02- Valorar la importancia de la ciudadan?a laboral con base en el estudio de los derechos humanos y fundamentales en el\ntrabajo.', '', 88524521),
(251, '210201501-04- Participar en acciones solidarias teniendo en cuenta el ejercicio de los derechos humanos, de los pueblos y de la\nnaturaleza.', '', 88524521),
(252, '240201526-CONTRIBUIR CON EL FORTALECIMIENTO DE LA CULTURA DE PAZ A PARTIR DE LA DIGNIDAD HUMANA Y LAS\nESTRATEGIAS PARA LA TRANSFORMACI?N DE CONFLICTOS.', '', 88524521),
(253, '240201526-PROMOVER EL USO RACIONAL DE LOS RECURSOS NATURALES A PARTIR DE CRITERIOS DE SOSTENIBILIDAD\nY SUSTENTABILIDAD ?TICA Y NORMATIVA VIGENTE.', '', 88524521),
(254, '240201526-ESTABLECER RELACIONES DE CRECIMIENTO PERSONAL Y COMUNITARIO A PARTIR DEL BIEN COM?N COMO\nAPORTE PARA EL DESARROLLO SOCIAL.', '', 88524521),
(255, '240201526-PROMOVER MI DIGNIDAD Y LA DEL OTRO A PARTIR DE LOS PRINCIPIOS Y VALORES ?TICOS COMO APORTE EN\nLA INSTAURACI?N DE UNA CULTURA DE PAZ.', '', 88524521),
(256, '230101507-PRACTICAR H?BITOS SALUDABLES MEDIANTE LA APLICACI?N DE FUNDAMENTOS DE NUTRICI?N E HIGIENE.', '', 88524521),
(257, '230101507-DESARROLLAR HABILIDADES PSICOMOTRICES EN EL CONTEXTO PRODUCTIVO Y SOCIAL.', '', 88524521),
(258, '230101507-IMPLEMENTAR UN PLAN DE ERGONOM?A Y PAUSAS ACTIVAS SEG?N LAS CARACTER?STICAS DE LA FUNCI?N\nPRODUCTIVA.', '', 88524521),
(259, '230101507-EJECUTAR ACTIVIDADES DE ACONDICIONAMIENTO F?SICO ORIENTADAS HACIA EL MEJORAMIENTO DE LA\nCONDICI?N F?SICA EN LOS CONTEXTOS PRODUCTIVO Y SOCIAL.', '', 88524521),
(260, '240201529-CARACTERIZAR LA IDEA DE NEGOCIO TENIENDO EN CUENTA LAS OPORTUNIDADES Y NECESIDADES DEL\nSECTOR PRODUCTIVO Y SOCIAL.', '', 88524521),
(261, '240201529-VALORAR LA PROPUESTA DE NEGOCIO CONFORME CON SU ESTRUCTURA Y NECESIDADES DEL SECTOR\nPRODUCTIVO Y SOCIAL.', '', 88524521),
(262, '240201529-ESTRUCTURAR EL PLAN DE NEGOCIO DE ACUERDO CON LAS CARACTER?STICAS EMPRESARIALES Y\nTENDENCIAS DE MERCADO.', '', 88524521),
(263, '240201529-INTEGRAR ELEMENTOS DE LA CULTURA EMPRENDEDORA TENIENDO EN CUENTA EL PERFIL PERSONAL Y EL\nCONTEXTO DE DESARROLLO SOCIAL.', '', 88524521),
(264, '240202501-INTERCAMBIAR OPINIONES SOBRE SITUACIONES COTIDIANAS Y LABORALES ACTUALES, PASADAS Y FUTURAS\nEN CONTEXTOS SOCIALES ORALES Y ESCRITOS.', '', 88524521),
(265, '240202501-DISCUTIR SOBRE POSIBLES SOLUCIONES A PROBLEMAS DENTRO DE UN RANGO VARIADO DE CONTEXTOS\nSOCIALES Y LABORALES.', '', 88524521),
(266, '240202501-EXPLICAR LAS FUNCIONES DE SU OCUPACI?N LABORAL USANDO EXPRESIONES DE ACUERDO AL NIVEL\nREQUERIDO POR EL PROGRAMA DE FORMACI?N.', '', 88524521),
(267, '240202501-COMPRENDER INFORMACI?N SOBRE SITUACIONES COTIDIANAS Y LABORALES ACTUALES Y FUTURAS A\nTRAV?S DE INTERACCIONES SOCIALES DE FORMA ORAL Y\nESCRITA.', '', 88524521),
(268, '240202501-PRESENTAR UN PROCESO PARA LA REALIZACI?N DE UNA ACTIVIDAD EN SU QUEHACER LABORAL DE\nACUERDO CON LOS PROCEDIMIENTOS ESTABLECIDOS\nDESDE SU PROGRAMA DE FORMACI?N.', '', 88524521),
(269, '240202501-IMPLEMENTAR ACCIONES DE MEJORA RELACIONADAS CON EL USO DE EXPRESIONES, ESTRUCTURAS Y\nDESEMPE?O SEG?N LOS RESULTADOS DE APRENDIZAJE FORMULADOS PARA EL PROGRAMA.', '', 88524521),
(270, '240201064-ARGUMENTAR ASPECTOS TE?RICOS DEL PROYECTO SEG?N REFERENTES NACIONALES E', '', 88524521),
(271, '240201064-ANALIZAR EL CONTEXTO PRODUCTIVO SEG?N SUS CARACTER?STICAS Y NECESIDADES.', '', 88524521),
(272, '240201064-PROPONER SOLUCIONES A LAS NECESIDADES DEL CONTEXTO SEG?N RESULTADOS DE LA INVESTIGACI?N.', '', 88524521),
(273, '240201064-ESTRUCTURAR EL PROYECTO DE ACUERDO A CRITERIOS DE LA INVESTIGACI?N.', '', 88524521),
(274, '220501085-EDITAR LOS ELEMENTOS SONOROS Y VISUALES QUE COMPONEN EL PROYECTO DE ACUERDO CON EL\nSTORYBOARD.', '', 88524521),
(275, '220501085-CREAR EFECTOS ESPECIALES REQUERIDOS POR EL PROYECTO DE ACUERDO CON EL STORYBOARD.', '', 88524521),
(276, '220501085-EXPORTAR EL CONTENIDO ANIMADO SEG?N LA PLATAFORMA DE DISTRIBUCI?N.', '', 88524521),
(277, '220501085-GENERAR LAS IM?GENES QUE CONFORMAN LAS ESCENAS PLANTEADAS EN EL STORYBOARD.', '', 88524521),
(278, '220501083-EVALUAR EL MODELO 3D SEG?N EL TIPO DE PROYECTO.', '', 88524521),
(279, '220501083-CREAR LAS TEXTURAS Y LOS MATERIALES DE LOS MODELOS 3D DE ACUERDO CON LOS PAR?METROS', '', 88524521),
(280, '220501083-MODELAR LOS ELEMENTOS EN 3D SEG?N LAS CARACTER?STICAS DEL PROYECTO.', '', 88524521),
(281, '220501083-ILUSTRAR LAS IM?GENES DE REFERENCIA DE LOS ELEMENTOS A MODELAR SEG?N LAS NECESIDADES DEL\nSTORYBOARD.', '', 88524521),
(282, '999999999-APLICAR EN LA RESOLUCI?N DE PROBLEMAS REALES DEL SECTOR PRODUCTIVO, LOS CONOCIMIENTOS,\nHABILIDADES Y DESTREZAS PERTINENTES A LAS COMPETENCIAS DEL PROGRAMA DE FORMACI?N\nASUMIENDO ESTRATEGIAS Y METODOLOG?AS DE AUTOGESTI?N', '', 88524521),
(283, '240201528-RESOLVER PROBLEMAS MATEM?TICOS A PARTIR DE SITUACIONES GENERADAS EN EL CONTEXTO SOCIAL Y\nPRODUCTIVO.', '', 88524521),
(284, '240201528-PROPONER ACCIONES DE MEJORA FRENTE A LOS RESULTADOS DE LOS PROCEDIMIENTOS MATEM?TICOS DE\nACUERDO CON EL PROBLEMA PLANTEADO.', '', 88524521),
(285, '240201528-IDENTIFICAR MODELOS MATEM?TICOS DE ACUERDO CON LOS REQUERIMIENTOS DEL PROBLEMA PLANTEADO\nEN CONTEXTOS SOCIALES Y PRODUCTIVO.', '', 88524521),
(286, '240201528-PLANTEAR PROBLEMAS MATEM?TICOS A PARTIR DE SITUACIONES GENERADAS EN EL CONTEXTO SOCIAL Y\nPRODUCTIVO.', '', 88524521),
(287, '240201530-IDENTIFICAR LA DIN?MICA ORGANIZACIONAL DEL SENA Y EL ROL DE LA FORMACI?N PROFESIONAL INTEGRAL\nDE ACUERDO CON SU PROYECTO DE VIDA Y EL DESARROLLO PROFESIONAL.', '', 88524521),
(288, '220501046-APLICAR FUNCIONALIDADES DE HERRAMIENTAS Y SERVICIOS TIC, DE ACUERDO CON MANUALES DE USO,PROCEDIMIENTOS ESTABLECIDOS Y BUENAS PR?CTICAS.', '', 88524521),
(289, '220501046-OPTIMIZAR LOS RESULTADOS, DE ACUERDO CON LA VERIFICACI?N.', '', 88524521),
(290, '220501046-EVALUAR LOS RESULTADOS, DE ACUERDO CON LOS REQUERIMIENTOS.', '', 88524521),
(291, '220501046-ALISTAR HERRAMIENTAS DE TECNOLOG?AS DE LA INFORMACI?N Y LA COMUNICACI?N (TIC), DE ACUERDO\nCON LAS NECESIDADES DE PROCESAMIENTO DE INFORMACI?N Y COMUNICACI?N.', '', 88524521),
(292, '220201501-ARGUMENTAR SOBRE SITUACIONES PROBLEM?TICAS DEL ENTORNO SUSCEPTIBLES DE MEJORAMIENTO\nMEDIANTE LA APLICACI?N DE PRINCIPIOS Y CONCEPTOS DE BIOLOG?A.', '', 88524524),
(293, '220201501-PROPONER ALTERNATIVAS DE MEJORAMIENTO A SITUACIONES IDENTIFICADAS EN EL ENTORNO\nPRODUCTIVO Y', '', 88524524),
(294, '220201501-ESTABLECER INTERRELACIONES ENTRE LOS NIVELES DE ORGANIZACI?N BIOL?GICA ACORDE CON EL\nENTORNO', '', 88524524),
(295, '220201501-INTERPRETAR LAS INTERRELACIONES ENTRE LOS NIVELES DE ORGANIZACI?N BIOL?GICA SEG?N EL\nENTORNO', '', 88524524),
(296, '220601501-REALIZAR SEGUIMIENTO Y ACOMPA?AMIENTO AL DESARROLLO DE LOS PLANES Y PROGRAMAS\nAMBIENTALES Y SST, SEG?N EL ?REA DE DESEMPE?O.', '', 88524524),
(297, '220601501-IMPLEMENTAR ESTRATEGIAS PARA EL CONTROL DE LOS IMPACTOS AMBIENTALES Y DE LOS ACCIDENTES Y\nENFERMEDADES DE ACUERDO CON LOS PLANES Y PROGRAMAS ESTABLECIDOS POR LA ORGANIZACI?N.', '', 88524524),
(298, '220601501-PROPONER ACCIONES DE MEJORA PARA EL MANEJO AMBIENTAL Y EL CONTROL DE LA SST, DE ACUERDO\nCON ESTRATEGIAS DE TRABAJO, COLABORATIVO, COOPERATIVO Y COORDINADO EN EL CONTEXTO\nPRODUCTIVO Y SOCIAL.', '', 88524524),
(299, '220601501-ANALIZAR LAS ESTRATEGIAS PARA LA PREVENCI?N Y CONTROL DE LOS IMPACTOS AMBIENTALES Y DE LOS\nACCIDENTES Y ENFERMEDADES LABORALES (ATEL) DE ACUERDO CON LAS POL?TICAS ORGANIZACIONALES\nY EL ENTORNO SOCIAL.', '', 88524524),
(300, '220501084-GENERAR LOS EFECTOS VISUALES SEG?N EL STORYBOARD Y PROCEDIMIENTOS T?CNICOS', '', 88524524),
(301, '220501084-ANIMAR LOS ELEMENTOS SEG?N EL STORYBOARD Y LOS PRINCIPIOS DE ANIMACI?N', '', 88524524),
(302, '220501084-ALISTAR LOS PERSONAJES Y ELEMENTOS SEG?N LAS NECESIDADES DEL PROYECTO', '', 88524524),
(303, '220501084-DESARROLLAR EL RIGGING SEG?N CRITERIOS T?CNICOS Y NECESIDADES DEL PROYECTO', '', 88524524),
(304, '210303025-MONETIZAR EL PROYECTO CONFORME A ESTRATEGIAS DEFINIDAS', '', 88524524),
(305, '210303025-REALIZAR SEGUIMIENTO AL PROYECTO DE ACUERDO AL PROCEDIMIENTO ESTABLECIDO', '', 88524524),
(306, '210303025-ESTIMAR LOS COSTOS DE ACUERDO AL ALCANCE Y NECESIDADES DEL PROYECTO', '', 88524524),
(307, '210303025-IDENTIFICAR LAS NORMATIVAS VIGENTES DE ACUERDO AL MARCO LEGAL DEL PROYECTO', '', 88524524),
(308, '240201524-ESTABLECER PROCESOS DE ENRIQUECIMIENTO LEXICAL Y ACCIONES DE MEJORAMIENTO EN EL\nDESARROLLO DE PROCESOS COMUNICATIVOS SEG?N REQUERIMIENTOS DEL CONTEXTO.', '', 88524524),
(309, '240201524-ANALIZAR LOS COMPONENTES DE LA COMUNICACI?N SEG?N SUS CARACTER?STICAS, INTENCIONALIDAD\nY CONTEXTO.', '', 88524524),
(310, '240201524-ARGUMENTAR EN FORMA ORAL Y ESCRITA ATENDIENDO LAS EXIGENCIAS Y PARTICULARIDADES DE LAS\nDIVERSAS SITUACIONES COMUNICATIVAS MEDIANTE LOS DISTINTOS SISTEMAS DE REPRESENTACI?N.', '', 88524524),
(311, '240201524-RELACIONAR LOS PROCESOS COMUNICATIVOS TENIENDO EN CUENTA CRITERIOS DE L?GICA Y\nRACIONALIDAD', '', 88524524),
(312, '250201022-DESARROLLAR EL STORYBOARD SEG?N LOS PLANOS ESTABLECIDOS DEL PROYECTO', '', 88524524),
(313, '250201022-VERIFICAR LAS CARACTER?STICAS DE STORYBOARD DE ACUERDO CON EL GUI?N T?CNICO', '', 88524524),
(314, '250201022-AJUSTAR EL STORYBOARD DE ACUERDO A LAS NECESIDADES DEL PROYECTO', '', 88524524),
(315, '250201022-PLANEAR EL PROYECTO DE ACUERDO CON LOS REQUERIMIENTOS', '', 88524524),
(316, '210201501-02- Valorar la importancia de la ciudadan?a laboral con base en el estudio de los derechos humanos y fundamentales en el\ntrabajo.', '', 88524524),
(317, '210201501-04- Participar en acciones solidarias teniendo en cuenta el ejercicio de los derechos humanos, de los pueblos y de la\nnaturaleza.', '', 88524524),
(318, '210201501-03- Practicar los derechos fundamentales en el trabajo de acuerdo con la Constituci?n Pol?tica y los Convenios\nInternacionales.', '', 88524524),
(319, '210201501-01- Reconocer el trabajo como factor de movilidad social y transformaci?n vital con referencia a la fenomenolog?a y a los\nderechos fundamentales en el trabajo.', '', 88524524),
(320, '250201021-ESTABLECER TIEMPOS A LOS PLANOS DEL STORYBOARD SEG?N EL GUI?N T?CNICO', '', 88524524),
(321, '250201021-ANALIZAR EL STORYBOARD DE ACUERDO CON LOS PAR?METROS DEL GUI?N T?CNICO.', '', 88524524),
(322, '250201021-VERIFICAR EL ANIMATIC SEG?N EL STORYBOARD', '', 88524524),
(323, '250201021-REALIZAR EL ANIMATIC SEG?N EL LENGUAJE AUDIOVISUAL ESTABLECIDO EN EL GUI?N T?CNICO', '', 88524524),
(324, '240201526-PROMOVER EL USO RACIONAL DE LOS RECURSOS NATURALES A PARTIR DE CRITERIOS DE SOSTENIBILIDAD\nY SUSTENTABILIDAD ?TICA Y NORMATIVA VIGENTE', '', 88524524),
(325, '240201526-CONTRIBUIR CON EL FORTALECIMIENTO DE LA CULTURA DE PAZ A PARTIR DE LA DIGNIDAD HUMANA Y LAS\nESTRATEGIAS PARA LA TRANSFORMACI?N DE CONFLICTOS', '', 88524524),
(326, '240201526-CONTRIBUIR CON EL FORTALECIMIENTO DE LA CULTURA DE PAZ A PARTIR DE LA DIGNIDAD HUMANA Y LAS\nESTRATEGIAS PARA LA TRANSFORMACI?N DE CONFLICTOS', '', 88524524),
(327, '240201526-ESTABLECER RELACIONES DE CRECIMIENTO PERSONAL Y COMUNITARIO A PARTIR DEL BIEN COM?N COMO\nAPORTE PARA EL DESARROLLO SOCIAL.', '', 88524524),
(328, '230101507-DESARROLLAR HABILIDADES PSICOMOTRICES EN EL CONTEXTO PRODUCTIVO Y SOCIAL.', '', 88524524),
(329, '230101507-IMPLEMENTAR UN PLAN DE ERGONOM?A Y PAUSAS ACTIVAS SEG?N LAS CARACTER?STICAS DE LA FUNCI?N\nPRODUCTIVA.', '', 88524524),
(330, '230101507-PRACTICAR H?BITOS SALUDABLES MEDIANTE LA APLICACI?N DE FUNDAMENTOS DE NUTRICI?N E HIGIENE.', '', 88524524),
(331, '230101507-EJECUTAR ACTIVIDADES DE ACONDICIONAMIENTO F?SICO ORIENTADAS HACIA EL MEJORAMIENTO DE LA\nCONDICI?N F?SICA EN LOS CONTEXTOS PRODUCTIVO Y SOCIAL.', '', 88524524),
(332, '240201529-02.CARACTERIZAR LA IDEA DE NEGOCIO TENIENDO EN CUENTA LAS OPORTUNIDADES Y NECESIDADES DEL\nSECTOR PRODUCTIVO Y SOCIAL', '', 88524524),
(333, '240201529-04. VALORAR LA PROPUESTA DE NEGOCIO CONFORME CON SU ESTRUCTURA Y NECESIDADES DEL\nSECTOR PRODUCTIVO Y SOCIAL', '', 88524524),
(334, '240201529-01. INTEGRAR ELEMENTOS DE LA CULTURA EMPRENDEDORA TENIENDO EN CUENTA EL PERFIL PERSONAL Y\nEL CONTEXTO DE DESARROLLO SOCIAL', '', 88524524),
(335, '240201529-03. ESTRUCTURAR EL PLAN DE NEGOCIO DE ACUERDO CON LAS CARACTER?STICAS EMPRESARIALES Y\nTENDENCIAS DE MERCADO', '', 88524524),
(336, '240201064-02. ESTRUCTURAR EL PROYECTO DE ACUERDO A CRITERIOS DE LA INVESTIGACI?N.', '', 88524524),
(337, '240201064-01. ANALIZAR EL CONTEXTO PRODUCTIVO SEG?N SUS CARACTER?STICAS Y NECESIDADES', '', 88524524),
(338, '240201064-04. PROPONER SOLUCIONES A LAS NECESIDADES DEL CONTEXTO SEG?N RESULTADOS DE LA', '', 88524524),
(339, '240201064-03. ARGUMENTAR ASPECTOS TE?RICOS DEL PROYECTO SEG?N REFERENTES NACIONALES E', '', 88524524),
(340, '220501085-EDITAR LOS ELEMENTOS VISUALES Y SONOROS CUMPLIENDO LAS ESPECIFICACIONES DEL PROYECTO.', '', 88524524),
(341, '220501085-REALIZAR EL RENDER DEL AUDIOVISUAL SEG?N LOS CRITERIOS T?CNICOS Y CARACTER?STICAS DEL', '', 88524524),
(342, '220501085-VALIDAR EL PRODUCTO QUE CUMPLAN CON LOS CRITERIOS T?CNICOS DEL PROYECTO Y EST?NDARES DE\nCALIDAD', '', 88524524),
(343, '220501085-COMPONER LOS ELEMENTOS AUDIOVISUALES CUMPLIENDO CON LOS CRITERIOS T?CNICOS Y\nESPECIFICACIONES DEL PROYECTO.', '', 88524524),
(344, '999999999-APLICAR EN LA RESOLUCI?N DE PROBLEMAS REALES DEL SECTOR PRODUCTIVO, LOS CONOCIMIENTOS,\nHABILIDADES Y DESTREZAS PERTINENTES A LAS COMPETENCIAS DEL PROGRAMA DE FORMACI?N\nASUMIENDO ESTRATEGIAS Y METODOLOG?AS DE AUTOGESTI?N', '', 88524524),
(345, '240201528-IDENTIFICAR MODELOS MATEM?TICOS DE ACUERDO CON LOS REQUERIMIENTOS DEL PROBLEMA\nPLANTEADO EN CONTEXTOS SOCIALES Y PRODUCTIVO', '', 88524524),
(346, '240201528-RESOLVER PROBLEMAS MATEM?TICOS A PARTIR DE SITUACIONES GENERADAS EN EL CONTEXTO SOCIAL Y\nPRODUCTIVO', '', 88524524),
(347, '240201528-PLANTEAR PROBLEMAS MATEM?TICOS A PARTIR DE SITUACIONES GENERADAS EN EL CONTEXTO SOCIAL Y\nPRODUCTIVO', '', 88524524),
(348, '240201528-PROPONER ACCIONES DE MEJORA FRENTE A LOS RESULTADOS DE LOS PROCEDIMIENTOS MATEM?TICOS DE\nACUERDO CON EL PROBLEMA PLANTEADO', '', 88524524),
(349, '240201530-IDENTIFICAR LA DIN?MICA ORGANIZACIONAL DEL SENA Y EL ROL DE LA FORMACI?N PROFESIONAL INTEGRAL\nDE ACUERDO CON SU PROYECTO DE VIDA Y EL DESARROLLO PROFESIONAL.', '', 88524524),
(350, '220501046-ALISTAR HERRAMIENTAS DE TECNOLOG?AS DE LA INFORMACI?N Y LA COMUNICACI?N (TIC), DE ACUERDO\nCON LAS NECESIDADES DE PROCESAMIENTO DE INFORMACI?N Y COMUNICACI?N.', '', 88524524),
(351, '220501046-OPTIMIZAR LOS RESULTADOS, DE ACUERDO CON LA VERIFICACI?N', '', 88524524),
(352, '220501046-APLICAR FUNCIONALIDADES DE HERRAMIENTAS Y SERVICIOS TIC, DE ACUERDO CON MANUALES DE USO,\nPROCEDIMIENTOS ESTABLECIDOS Y BUENAS PR?CTICAS.', '', 88524524),
(353, '220501046-EVALUAR LOS RESULTADOS, DE ACUERDO CON LOS REQUERIMIENTOS.', '', 88524524),
(354, '220201501-APLICACI?N DE CONOCIMIENTOS DE LAS CIENCIAS NATURALES DE ACUERDO\nCON SITUACIONES DEL CONTEXTO PRODUCTIVO Y SOCIAL.', '', 88524535),
(355, '220601501-APLICAR PR?CTICAS DE PROTECCI?N AMBIENTAL, SEGURIDAD Y SALUD EN EL\nTRABAJO DE ACUERDO CON LAS POL?TICAS ORGANIZACIONALES Y LA\nNORMATIVIDAD VIGENTE.', '', 88524535),
(356, '240201524-DESARROLLAR PROCESOS DE COMUNICACI?N EFICACES Y EFECTIVOS,\nTENIENDO EN CUENTA SITUACIONES DE ORDEN SOCIAL, PERSONAL Y', '', 88524535),
(357, '291301078-Diagramar piezas gr?ficas de acuerdo con el medio de salida y par?metros de\nmaquetaci?n', '', 88524535),
(358, '291301077-ELABORAR PIEZAS GRAFICAS DE ACUERDO CON LOS REQUERIMIENTOS DEL\nCLIENTE Y PRINCIPIOS DEL DISE?O GR?FICO.', '', 88524535),
(359, '291301083-Editar im?genes de acuerdo con criterios de comunicaci?n y t?cnicas de edici?n', '', 88524535),
(360, '210201501-Ejercer derechos fundamentales del trabajo en el marco de la constituci?n pol?tica y los\nconvenios internacionales.', '', 88524535),
(361, '291301081-Elaborar productos editoriales multimedia seg?n acuerdo editorial y par?metros t?cnicos', '', 88524535),
(362, '240201526-Enrique Low Murtra-Interactuar en el contexto productivo y social de acuerdo con\nprincipios ?ticos para la construcci?n de una cultura de paz.', '', 88524535),
(363, '230101507-GENERAR H?BITOS SALUDABLES DE VIDA MEDIANTE LA APLICACI?N DE\nPROGRAMAS DE ACTIVIDAD F?SICA EN LOS CONTEXTOS PRODUCTIVOS Y\nSOCIALES.', '', 88524535),
(364, '240201529-Gestionar procesos propios de la cultura emprendedora y empresarial de acuerdo con el\nperfil personal y los requerimientos de los contextos productivo y social.', '', 88524535),
(365, '240202501-INTERACTUAR EN LENGUA INGLESA DE FORMA ORAL Y ESCRITA DENTRO DE\nCONTEXTOS SOCIALES Y LABORALES SEG?N LOS CRITERIOS ESTABLECIDOS\nPOR EL MARCO COM?N EUROPEO DE REFERENCIA PARA LAS LENGUAS.', '', 88524535),
(366, '240201064-Orientar investigaci?n formativa seg?n referentes t?cnicos', '', 88524535),
(367, '999999999-RESULTADOS DE APRENDIZAJE ETAPA PRACTICA', '', 88524535),
(368, '240201528-Razonar cuantitativamente frente a situaciones susceptibles de ser abordadas de manera\nmatem?tica en contextos laborales, sociales y personales.', '', 88524535),
(369, '240201530-Resultado de Aprendizaje de la Inducci?n.', '', 88524535),
(370, '220501046-Utilizar herramientas inform?ticas de acuerdo con las necesidades de manejo de\ninformaci?n', '', 88524535),
(371, '220201501-PROPONER ACCIONES DE MEJORA EN SU CONTEXTO DE ACUERDO CON PRINCIPIOS F?SICOS.', '', 88524525),
(372, '220201501-INTERPRETAR LOS CAMBIOS QUE SE PRESENTAN EN LOS CUERPOS SEG?N LOS PRINCIPIOS Y LEYES', '', 88524525),
(373, '220201501-ORGANIZAR PROCESO PRODUCTIVO DE FORMA ORDENADA Y SISTEM?TICA SEG?N LOS CAMBIOS F?SICOS\nQUE OCURREN EN EL CONTEXTO.', '', 88524525),
(374, '220201501-APLICAR FUNDAMENTOS DE LA F?SICA EN LA RESOLUCI?N DE PROBLEMAS DE ACUERDO CON LOS\nREQUERIMIENTOS DEL CONTEXTO PRODUCTIVO.', '', 88524525),
(375, '220601501-EFECTUAR LAS ACCIONES PARA LA PREVENCI?N Y CONTROL DE LA PROBLEM?TICA AMBIENTAL Y DE SST,\nTENIENDO EN CUENTA LOS PROCEDIMIENTOS ESTABLECIDOS POR LA ORGANIZACI?N.', '', 88524525),
(376, '220601501-INTERPRETAR LOS PROBLEMAS AMBIENTALES Y DE SST TENIENDO EN CUENTA LOS PLANES Y PROGRAMAS\nESTABLECIDOS POR LA ORGANIZACI?N Y EL ENTORNO SOCIAL.', '', 88524525),
(377, '220601501-VERIFICAR LAS CONDICIONES AMBIENTALES Y DE SST ACORDE CON LOS LINEAMIENTOS ESTABLECIDOS\nPARA EL ?REA DE DESEMPE?O LABORAL.', '', 88524525),
(378, '220601501-REPORTAR LAS CONDICIONES Y ACTOS QUE AFECTEN LA PROTECCI?N DEL MEDIO AMBIENTE Y LA SST, DE\nACUERDO CON LOS LINEAMIENTOS ESTABLECIDOS EN EL CONTEXTO ORGANIZACIONAL Y SOCIAL.', '', 88524525),
(379, '240201524-INTERPRETAR EL SENTIDO DE LA COMUNICACI?N COMO MEDIO DE EXPRESI?N SOCIAL, CULTURAL, LABORAL\nY ART?STICA.', '', 88524525),
(380, '240201524-VALIDAR LA IMPORTANCIA DE LOS PROCESOS COMUNICATIVOS TENIENDO EN CUENTA CRITERIOS DE L?GICA\nY RACIONALIDAD.', '', 88524525),
(381, '240201524-DECODIFICAR MENSAJES COMUNICATIVOS EN SITUACIONES DE LA VIDA SOCIAL Y LABORAL, TENIENDO EN\nCUENTA EL CONTEXTO DE LA COMUNICACI?N.', '', 88524525),
(382, '240201524-APLICAR ACCIONES DE MEJORAMIENTO EN EL DESARROLLO DE PROCESOS COMUNICATIVOS SEG?N\nREQUERIMIENTOS DEL CONTEXTO.', '', 88524525),
(383, '250201020-PREPARAR EL MATERIAL AUDIOVISUAL TENIENDO EN CUENTA LOS REQUERIMIENTOS DE LA PRODUCCION.', '', 88524525),
(384, '250201020-VERIFICAR LAS SECUENCIAS EXPORTADAS TENIENDO EN CUENTA LAS ESPECIFICACIONES T?CNICAS Y\nREQUERIMIENTOS DEL PROYECTO AUDIOVISUAL.', '', 88524525),
(385, '250201020-EXPORTAR LAS SECUENCIAS DE VIDEO A LOS FORMATOS DE LA PRODUCCI?N TENIENDO EN CUENTA LAS\nESPECIFICACIONES T?CNICAS Y REQUERIMIENTOS DEL PROYECTO AUDIOVISUAL.', '', 88524525),
(386, '250201020-EDITAR EL MATERIAL AUDIOVISUAL DE LA PRODUCCI?N DE ACUERDO AL GUION TECNICO', '', 88524525),
(387, '210201501-02- Valorar la importancia de la ciudadan?a laboral con base en el estudio de los derechos humanos y fundamentales en el\ntrabajo.', '', 88524525),
(388, '210201501-01- Reconocer el trabajo como factor de movilidad social y transformaci?n vital con referencia a la fenomenolog?a y a los derechos fundamentales en el trabajo.', '', 88524525),
(389, '210201501-03- Practicar los derechos fundamentales en el trabajo de acuerdo con la Constituci?n Pol?tica y los Convenios\nInternacionales.', '', 88524525),
(390, '240201526-PROMOVER MI DIGNIDAD Y LA DEL OTRO A PARTIR DE LOS PRINCIPIOS Y VALORES ?TICOS COMO APORTE EN\nLA INSTAURACI?N DE UNA CULTURA DE PAZ.', '', 88524525),
(391, '240201526-CONTRIBUIR CON EL FORTALECIMIENTO DE LA CULTURA DE PAZ A PARTIR DE LA DIGNIDAD HUMANA Y LAS\nESTRATEGIAS PARA LA TRANSFORMACI?N DE CONFLICTOS.', '', 88524525),
(392, '240201526-PROMOVER EL USO RACIONAL DE LOS RECURSOS NATURALES A PARTIR DE CRITERIOS DE SOSTENIBILIDAD\nY SUSTENTABILIDAD ?TICA Y NORMATIVA VIGENTE.', '', 88524525),
(393, '240201526-ESTABLECER RELACIONES DE CRECIMIENTO PERSONAL Y COMUNITARIO A PARTIR DEL BIEN COM?N COMO\nAPORTE PARA EL DESARROLLO SOCIAL.', '', 88524525),
(394, '250201016-CREAR EL GUION T?CNICO SEG?N LOS REQUERIMIENTOS DEL GUION LITERARIO DE LA PRODUCCION\nAUDIOVISUAL A DESARROLLAR.', '', 88524525),
(395, '250201016-VERFICAR QUE EL GUION T?CNICO SE ENCUENTRE ACORDE A LOS REQUERIMIENTOS DEL PROYECTO\nAUDIOVISUAL A DESARROLLAR.', '', 88524525),
(396, '250201016-INTERPRETAR EL GUION LITERARIO SEG?N REQUERIMIENTOS DE LA PRODUCCI?N AUDIOVISUAL A', '', 88524525),
(397, '230101507-IMPLEMENTAR UN PLAN DE ERGONOM?A Y PAUSAS ACTIVAS SEG?N LAS CARACTER?STICAS DE LA FUNCI?N\nPRODUCTIVA.', '', 88524525),
(398, '230101507-DESARROLLAR HABILIDADES PSICOMOTRICES EN EL CONTEXTO PRODUCTIVO Y SOCIAL.', '', 88524525),
(399, '230101507-PRACTICAR H?BITOS SALUDABLES MEDIANTE LA APLICACI?N DE FUNDAMENTOS DE NUTRICI?N E HIGIENE.', '', 88524525),
(400, '230101507-EJECUTAR ACTIVIDADES DE ACONDICIONAMIENTO F?SICO ORIENTADAS HACIA EL MEJORAMIENTO DE LA\nCONDICI?N F?SICA EN LOS CONTEXTOS PRODUCTIVO Y SOCIAL.', '', 88524525),
(401, '240201529-INTEGRAR ELEMENTOS DE LA CULTURA EMPRENDEDORA TENIENDO EN CUENTA EL PERFIL PERSONAL Y EL\nCONTEXTO DE DESARROLLO SOCIAL', '', 88524525),
(402, '240201529-CARACTERIZAR LA IDEA DE NEGOCIO TENIENDO EN CUENTA LAS OPORTUNIDADES Y NECESIDADES DEL\nSECTOR PRODUCTIVO Y SOCIAL.', '', 88524525),
(403, '240201529-ESTRUCTURAR EL PLAN DE NEGOCIO DE ACUERDO CON LAS CARACTER?STICAS EMPRESARIALES Y\nTENDENCIAS DE MERCADO.', '', 88524525),
(404, '240202501-COMUNICARSE DE MANERA SENCILLA EN INGL?S EN FORMA ORAL Y ESCRITA CON UN VISITANTE O COLEGA\nEN UN CONTEXTO LABORAL COTIDIANO.', '', 88524525),
(405, '240202501-DESCRIBIR A NIVEL B?SICO, DE FORMA ORAL Y ESCRITA EN INGL?S PERSONAS, SITUACIONES Y\nLUGARES DE ACUERDO CON SUS COSTUMBRES Y EXPERIENCIAS DE VIDA.', '', 88524525),
(406, '240202501-PARTICIPAR EN INTERCAMBIOS CONVERSACIONALES B?SICOS EN FORMA ORAL Y ESCRITA EN INGL?S EN\nDIFERENTES SITUACIONES SOCIALES TANTO EN LA COTIDIANIDAD COMO EN EXPERIENCIAS PASADAS.', '', 88524525),
(407, '240202501-LLEVAR A CABO ACCIONES DE MEJORA RELACIONADAS CON EL INTERCAMBIO DE INFORMACI?N B?SICA EN\nINGL?S, SOBRE S? MISMO, OTRAS PERSONAS, SU CONTEXTO INMEDIATO AS? COMO DE EXPERIENCIAS', '', 88524525),
(408, '240202501-PONER EN PR?CTICA VOCABULARIO B?SICO Y EXPRESIONES COMUNES DE SU ?REA OCUPACIONAL EN\nCONTEXTOS ESPEC?FICOS DE SU TRABAJO POR MEDIO DEL USO DE FRASES SENCILLAS EN FORMA ORAL Y\nESCRITA.', '', 88524525),
(409, '240202501-COMPRENDER INFORMACI?N B?SICA ORAL Y ESCRITA EN INGL?S ACERCA DE S? MISMO, DE LAS PERSONAS Y\nDE SU CONTEXTO INMEDIATO EN REALIDADES PRESENTES E HISTORIAS DE VIDA.', '', 88524525),
(410, '999999999-APLICAR EN LA RESOLUCI?N DE PROBLEMAS REALES DEL SECTOR PRODUCTIVO, LOS CONOCIMIENTOS,\nHABILIDADES Y DESTREZAS PERTINENTES A LAS COMPETENCIAS DEL PROGRAMA DE FORMACI?N\nASUMIENDO ESTRATEGIAS Y METODOLOG?AS DE AUTOGESTI?N', '', 88524525),
(411, '240201528-PLANTEAR PROBLEMAS ARITM?TICOS, GEOM?TRICOS Y M?TRICOS DE ACUERDO CON LOS CONTEXTOS\nPRODUCTIVO Y SOCIAL.', '', 88524525),
(412, '240201528-IDENTIFICAR SITUACIONES PROBLEM?TICAS ASOCIADAS A SUS NECESIDADES DE CONTEXTO APLICANDO\nPROCEDIMIENTOS MATEM?TICOS.', '', 88524525),
(413, '240201528-SOLUCIONAR PROBLEMAS DEL ENTORNO PRODUCTIVO Y SOCIAL APLICANDO PRINCIPIOS MATEM?TICOS.', '', 88524525),
(414, '240201528-VERIFICAR LOS RESULTADOS DE LOS PROCEDIMIENTOS MATEM?TICOS CONFORME CON LOS\nREQUERIMIENTOS DE LOS DIFERENTES CONTEXTOS.', '', 88524525),
(415, '250201017-PREPARAR LOS RECURSOS T?CNICOS PARA LA CAPTURA AUDIOVISUAL DE ACUERDO CON LOS\nREQUERIMIENTOS DEL GUI?N T?CNICO.', '', 88524525),
(416, '250201017-CAPTURAR IM?GENES DE ACUERDO A LOS REQUERIMIENTOS DE LA PRODUCCI?N AUDIOVISUAL.', '', 88524525),
(417, '250201017-REALIZAR MONTAJE DE EQUIPOS Y ACCESORIOS DE ACUERDO A LOS REQUERIMIENTOS T?CNICOS DE LA\nPRODUCCI?N AUDIOVISUAL.', '', 88524525),
(418, '250201017-VERIFICAR QUE LA CAPTURA DE IMAGEN CORRESPONDA A LOS REQUERIMIENTOS T?CNICOS DE LA\nPRODUCCI?N AUDIOVISUAL.', '', 88524525),
(419, '250201019-VERIFICAR EL MATERIAL SONORO CAPTURADO DE ACUERDO A LOS DOCUMENTOS T?CNICOS DEL PLAN DE\nDESARROLLO.', '', 88524525),
(420, '250201019-CAPTURAR EL MATERIAL SONORO TENIENDO EN CUENTA LOS REQUERIMIENTOS DE LA PRODUCCI?N\nAUDIOVISUAL A DESARROLLAR.', '', 88524525),
(421, '250201019-PREPARAR LOS RECURSOS T?CNICOS DE ACUERDO A LOS DOCUMENTOS DEL PLAN DE DESARROLLO\nSONORO, TENIENDO EN CUENTA LOS REQUERIMIENTOS DE LA PRODUCCI?N AUDIOVISUAL.', '', 88524525),
(422, '250201019-MEZCLAR EL MATERIAL SONORO CON BASE EN LOS REQUERIMIENTOS DE LA PRODUCCI?N AUDIOVISUAL.', '', 88524525),
(423, '240201530-IDENTIFICAR LA DIN?MICA ORGANIZACIONAL DEL SENA Y EL ROL DE LA FORMACI?N PROFESIONAL INTEGRAL\nDE ACUERDO CON SU PROYECTO DE VIDA Y EL DESARROLLO PROFESIONAL.', '', 88524525),
(424, '220501046-VERIFICAR LOS RESULTADOS OBTENIDOS, DE ACUERDO CON LOS REQUERIMIENTOS.', '', 88524525),
(425, '220501046-SELECCIONAR HERRAMIENTAS DE TECNOLOG?AS DE LA INFORMACI?N Y LA COMUNICACI?N (TIC), DE\nACUERDO CON LAS NECESIDADES IDENTIFICADAS.', '', 88524525),
(426, '220501046-USAR HERRAMIENTAS TIC, DE ACUERDO CON LOS REQUERIMIENTOS, MANUALES DE FUNCIONAMIENTO,\nPROCEDIMIENTOS Y EST?NDARES.', '', 88524525),
(427, '220501046-IMPLEMENTAR BUENAS PR?CTICAS DE USO, DE ACUERDO CON LA TECNOLOG?A EMPLEADA.', '', 88524525),
(428, '220201501-01 IDENTIFICAR LOS PRINCIPIOS Y LEYES DE LA F?SICA EN LA SOLUCI?N DE PROBLEMAS DE\nACUERDO AL CONTEXTO PRODUCTIVO.', '', 88524536),
(429, '220201501-02 SOLUCIONAR PROBLEMAS ASOCIADOS CON EL SECTOR PRODUCTIVOS CON BASE EN LOS\nPRINCIPIOS Y LEYES DE LA F?SICA-', '', 88524536),
(430, '220201501-04 PROPONER ACCIONES DE MEJORA EN LOS PROCESOS PRODUCTIVOS DE ACUERDO CON LOS\nPRINCIPIOS Y LEYES DE LA F?SICA', '', 88524536),
(431, '220201501-03 VERIFICAR LAS TRANSFORMACIONES F?SICAS DE LA MATERIA UTILIZANDO HERRAMIENTAS\nTECNOL?GICAS.', '', 88524536),
(432, '220601501-04 PROPONER ACCIONES DE MEJORA PARA EL MANEJO AMBIENTAL Y EL CONTROL DE LA SST, DE\nACUERDO CON ESTRATEGIAS DE TRABAJO, COLABORATIVO, COOPERATIVO Y COORDINADO EN EL\nCONTEXTO PRODUCTIVO Y SOCIAL.', '', 88524536),
(433, '220601501-02 IMPLEMENTAR ESTRATEGIAS PARA EL CONTROL DE LOS IMPACTOS AMBIENTALES Y DE LOS\nACCIDENTES Y ENFERMEDADES DE ACUERDO CON LOS PLANES Y PROGRAMAS ESTABLECIDOS POR LA\nORGANIZACI?N.', '', 88524536),
(434, '220601501-01 ANALIZAR LAS ESTRATEGIAS PARA LA PREVENCI?N Y CONTROL DE LOS IMPACTOS\nAMBIENTALES Y DE LOS ACCIDENTES Y ENFERMEDADES LABORALES (ATEL) DE ACUERDO CON LAS\nPOL?TICAS ORGANIZACIONALES Y EL ENTORNO SOCIAL.', '', 88524536),
(435, '220601501-03 REALIZAR SEGUIMIENTO Y ACOMPA?AMIENTO AL DESARROLLO DE LOS PLANES Y PROGRAMAS\nAMBIENTALES Y SST, SEG?N EL ?REA DE DESEMPE?O.', '', 88524536),
(436, '240201524-04 ESTABLECER PROCESOS DE ENRIQUECIMIENTO LEXICAL Y ACCIONES DE MEJORAMIENTO EN EL\nDESARROLLO DE PROCESOS COMUNICATIVOS SEG?N REQUERIMIENTOS DEL CONTEXTO.', '', 88524536),
(437, '240201524-03 RELACIONAR LOS PROCESOS COMUNICATIVOS TENIENDO EN CUENTA CRITERIOS DE L?GICA Y\nRACIONALIDAD', '', 88524536),
(438, '240201524-02 ARGUMENTAR EN FORMA ORAL Y ESCRITA ATENDIENDO LAS EXIGENCIAS Y PARTICULARIDADES\nDE LAS DIVERSAS SITUACIONES COMUNICATIVAS MEDIANTE LOS DISTINTOS SISTEMAS DE', '', 88524536),
(439, '240201524-01 ANALIZAR LOS COMPONENTES DE LA COMUNICACI?N SEG?N SUS CARACTER?STICAS,\nINTENCIONALIDAD Y CONTEXTO.', '', 88524536),
(440, '291301083-02 RETOCAR IM?GENES REVELADAS DEL PROYECTO FOTOGR?FICO TENIENDO EN CUENTA\nSOFTWARE ESPECIALIZADO.', '', 88524536),
(441, '291301083-01 DETERMINAR EL FLUJO DE TRABAJO SEG?N LA PLANEACI?N DEL PROYECTO FOTOGRAFICO.', '', 88524536),
(442, '291301083-03 FINALIZAR FOTOGRAF?AS TENIENDO EN CUENTA OBJETIVOS DEL PROYECTO.', '', 88524536),
(443, '210201501-03- Practicar los derechos fundamentales en el trabajo de acuerdo con la Constituci?n Pol?tica y los Convenios\nInternacionales.', '', 88524536),
(444, '210201501-02- Valorar la importancia de la ciudadan?a laboral con base en el estudio de los derechos humanos y fundamentales en el\ntrabajo.', '', 88524536),
(445, '210201501-04- Participar en acciones solidarias teniendo en cuenta el ejercicio de los derechos humanos, de los pueblos y de la\nnaturaleza.', '', 88524536),
(446, '210201501-01- Reconocer el trabajo como factor de movilidad social y transformaci?n vital con referencia a la fenomenolog?a y a los\nderechos fundamentales en el trabajo.', '', 88524536),
(447, '240201526-03 PROMOVER EL USO RACIONAL DE LOS RECURSOS NATURALES A PARTIR DE CRITERIOS DE\nSOSTENIBILIDAD Y SUSTENTABILIDAD ?TICA Y NORMATIVA VIGENTE', '', 88524536),
(448, '240201526-04 CONTRIBUIR CON EL FORTALECIMIENTO DE LA CULTURA DE PAZ A PARTIR DE LA DIGNIDAD\nHUMANA Y LAS ESTRATEGIAS PARA LA TRANSFORMACI?N DE CONFLICTOS', '', 88524536),
(449, '240201526-02 ESTABLECER RELACIONES DE CRECIMIENTO PERSONAL Y COMUNITARIO A PARTIR DEL BIEN\nCOM?N COMO APORTE PARA EL DESARROLLO SOCIAL.', '', 88524536),
(450, '240201526-01 PROMOVER MI DIGNIDAD Y LA DEL OTRO A PARTIR DE LOS PRINCIPIOS Y VALORES ?TICOS\nCOMO APORTE EN LA INSTAURACI?N DE UNA CULTURA DE PAZ', '', 88524536),
(451, '230101507-04 IMPLEMENTAR UN PLAN DE ERGONOM?A Y PAUSAS ACTIVAS SEG?N LAS CARACTER?STICAS DE\nLA FUNCI?N PRODUCTIVA.', '', 88524536),
(452, '230101507-02 PRACTICAR H?BITOS SALUDABLES MEDIANTE LA APLICACI?N DE FUNDAMENTOS DE NUTRICI?N\nE HIGIENE.', '', 88524536),
(453, '230101507-01 DESARROLLAR HABILIDADES PSICOMOTRICES EN EL CONTEXTO PRODUCTIVO Y SOCIAL.', '', 88524536),
(454, '230101507-03 EJECUTAR ACTIVIDADES DE ACONDICIONAMIENTO F?SICO ORIENTADAS HACIA EL\nMEJORAMIENTO DE LA CONDICI?N F?SICA EN LOS CONTEXTOS PRODUCTIVO Y SOCIAL.', '', 88524536),
(455, '240201529-03 ESTRUCTURAR EL PLAN DE NEGOCIO DE ACUERDO CON LAS CARACTER?STICAS\nEMPRESARIALES Y TENDENCIAS DE MERCADO', '', 88524536),
(456, '240201529-04 VALORAR LA PROPUESTA DE NEGOCIO CONFORME CON SU ESTRUCTURA Y NECESIDADES DEL\nSECTOR PRODUCTIVO Y SOCIAL', '', 88524536),
(457, '240201529-02 CARACTERIZAR LA IDEA DE NEGOCIO TENIENDO EN CUENTA LAS OPORTUNIDADES Y\nNECESIDADES DEL SECTOR PRODUCTIVO Y SOCIAL', '', 88524536),
(458, '240201529-01 INTEGRAR ELEMENTOS DE LA CULTURA EMPRENDEDORA TENIENDO EN CUENTA EL PERFIL\nPERSONAL Y EL CONTEXTO DE DESARROLLO SOCIAL', '', 88524536),
(459, '240202501-06 EXPLICAR LAS FUNCIONES DE SU OCUPACI?N LABORAL USANDO EXPRESIONES DE ACUERDO\nAL NIVEL REQUERIDO POR EL PROGRAMA DE FORMACI?N.', '', 88524536),
(460, '240202501-05 PRESENTAR UN PROCESO PARA LA REALIZACI?N DE UNA ACTIVIDAD EN SU QUEHACER\nLABORAL DE ACUERDO CON LOS PROCEDIMIENTOS ESTABLECIDOS DESDE SU PROGRAMA DE FORMACI?N.', '', 88524536),
(461, '240202501-04 IMPLEMENTAR ACCIONES DE MEJORA RELACIONADAS CON EL USO DE EXPRESIONES,\nESTRUCTURAS Y DESEMPE?O SEG?N LOS RESULTADOS DE APRENDIZAJE FORMULADOS PARA EL', '', 88524536),
(462, '240202501-03 DISCUTIR SOBRE POSIBLES SOLUCIONES A PROBLEMAS DENTRO DE UN RANGO VARIADO DE\nCONTEXTOS SOCIALES Y LABORALES.', '', 88524536),
(463, '240202501-01 COMPRENDER INFORMACI?N SOBRE SITUACIONES COTIDIANAS Y LABORALES ACTUALES Y\nFUTURAS A TRAV?S DE INTERACCIONES SOCIALES DE FORMA ORAL Y ESCRITA.', '', 88524536),
(464, '240202501-02 INTERCAMBIAR OPINIONES SOBRE SITUACIONES COTIDIANAS Y LABORALES ACTUALES,\nPASADAS Y FUTURAS EN CONTEXTOS SOCIALES ORALES Y ESCRITOS.', '', 88524536),
(465, '250201018-02 OPERAR LOS EQUIPOS DE ILUMINACI?N DE ACUERDO CON LA PLANIMETR?A.', '', 88524536),
(466, '250201018-01 PLANIFICAR LA ILUMINACI?N TENIENDO EN CUENTA PAR?METROS T?CNICOS Y OBJETIVOS\nCOMUNICATIVOS', '', 88524536),
(467, '240201064-01 ANALIZAR EL CONTEXTO PRODUCTIVO SEG?N SUS CARACTER?STICAS Y NECESIDADES', '', 88524536),
(468, '240201064-04 PROPONER SOLUCIONES A LAS NECESIDADES DEL CONTEXTO SEG?N RESULTADOS DE LA\nINVESTIGACI?N.', '', 88524536),
(469, '240201064-03 ARGUMENTAR ASPECTOS TE?RICOS DEL PROYECTO SEG?N REFERENTES NACIONALES E\nINTERNACIONALES', '', 88524536),
(470, '291301080-02 CAPTURAR FOTOGRAF?AS SEG?N ELEMENTOS COMPOSITIVOS DE LA IMAGEN Y PAR?METROS\nT?CNICOS', '', 88524536),
(471, '291301080 01 ELABORAR PROPUESTA CREATIVA Y COMERCIAL DEL PROYECTO TENIENDO EN CUENTA\nCONCEPTOS EST?TICOS Y T?CNICOS.', '', 88524536),
(472, '999999999-APLICAR EN LA RESOLUCI?N DE PROBLEMAS REALES DEL SECTOR PRODUCTIVO, LOS CONOCIMIENTOS,\nHABILIDADES Y DESTREZAS PERTINENTES A LAS COMPETENCIAS DEL PROGRAMA DE FORMACI?N\nASUMIENDO ESTRATEGIAS Y METODOLOG?AS DE AUTOGESTI?N', '', 88524536),
(473, '240201528-03 RESOLVER PROBLEMAS MATEM?TICOS A PARTIR DE SITUACIONES GENERADAS EN EL\nCONTEXTO SOCIAL Y PRODUCTIVO', '', 88524536),
(474, '240201528-01 IDENTIFICAR MODELOS MATEM?TICOS DE ACUERDO CON LOS REQUERIMIENTOS DEL\nPROBLEMA PLANTEADO EN CONTEXTOS SOCIALES Y PRODUCTIVO', '', 88524536),
(475, '240201528-04 PROPONER ACCIONES DE MEJORA FRENTE A LOS RESULTADOS DE LOS PROCEDIMIENTOS\nMATEM?TICOS DE ACUERDO CON EL PROBLEMA PLANTEADO', '', 88524536),
(476, '240201528-02 PLANTEAR PROBLEMAS MATEM?TICOS A PARTIR DE SITUACIONES GENERADAS EN EL\nCONTEXTO SOCIAL Y PRODUCTIVO', '', 88524536),
(477, '240201530-01 IDENTIFICAR LA DIN?MICA ORGANIZACIONAL DEL SENA Y EL ROL DE LA FORMACI?N\nPROFESIONAL INTEGRAL DE ACUERDO CON SU PROYECTO DE VIDA Y EL DESARROLLO PROFESIONAL.', '', 88524536),
(478, '220501046-04 OPTIMIZAR LOS RESULTADOS, DE ACUERDO CON LA VERIFICACI?N', '', 88524536),
(479, '220501046-03 EVALUAR LOS RESULTADOS, DE ACUERDO CON LOS REQUERIMIENTOS.', '', 88524536),
(480, '220501046-02 APLICAR FUNCIONALIDADES DE HERRAMIENTAS Y SERVICIOS TIC, DE ACUERDO CON MANUALES\nDE USO, PROCEDIMIENTOS ESTABLECIDOS Y BUENAS PR?CTICAS.', '', 88524536),
(481, '220501046-01 ALISTAR HERRAMIENTAS DE TECNOLOG?AS DE LA INFORMACI?N Y LA COMUNICACI?N (TIC), DE\nACUERDO CON LAS NECESIDADES DE PROCESAMIENTO DE INFORMACI?N Y COMUNICACI?N.', '', 88524536),
(482, '29130107002-PREPARAR EL ARCHIVO PARA IMPRESI?N DE ACUERDO CON LOS PROCEDIMIENTOS DE LA', '', 88524526),
(483, '29130107003-AJUSTAR ARCHIVOS DIGITALES DE ACUERDO CON EL DISPOSITIVO DE IMPRESI?N Y\nREQUERIMIENTOS DE LA ORDEN DE PRODUCCI?N.', '', 88524526),
(484, '29130107001-IDENTIFICAR LAS VARIABLES DE IMPRESI?N DIGITAL DE ACUERDO CON LA ORDEN DE\nPRODUCCI?N Y REGLAMENTO DE SALUD Y SEGURIDAD EN EL TRABAJO.', '', 88524526),
(485, '29130107004-VERIFICAR LOS AJUSTES REALIZADOS A LOS ARCHIVOS SEG?N PROCEDIMIENTOS DE LA', '', 88524526),
(486, '22020150103-ORGANIZAR PROCESO PRODUCTIVO DE FORMA ORDENADA Y SISTEM?TICA SEG?N LOS\nCAMBIOS F?SICOS QUE OCURREN EN EL CONTEXTO', '', 88524526),
(487, '22020150104-PROPONER ACCIONES DE MEJORA EN SU CONTEXTO DE ACUERDO CON PRINCIPIOS F?SICOS.', '', 88524526),
(488, '22020150101-APLICAR FUNDAMENTOS DE LA F?SICA EN LA RESOLUCI?N DE PROBLEMAS DE ACUERDO CON\nLOS REQUERIMIENTOS DEL CONTEXTO PRODUCTIVO', '', 88524526),
(489, '22020150102-INTERPRETAR LOS CAMBIOS QUE SE PRESENTAN EN LOS CUERPOS SEG?N LOS PRINCIPIOS Y\nLEYES F?SICAS.', '', 88524526),
(490, '22060150104-REPORTAR LAS CONDICIONES Y ACTOS QUE AFECTEN LA PROTECCI?N DEL MEDIO AMBIENTE Y\nLA SST, DE ACUERDO CON LOS LINEAMIENTOS ESTABLECIDOS EN EL CONTEXTO ORGANIZACIONAL Y SOCIAL.', '', 88524526);
INSERT INTO `resultados` (`id`, `resultados`, `instructor_resultados`, `programas_id`) VALUES
(491, '22060150102-EFECTUAR LAS ACCIONES PARA LA PREVENCI?N Y CONTROL DE LA PROBLEM?TICA AMBIENTAL\nY DE SST, TENIENDO EN CUENTA LOS PROCEDIMIENTOS ESTABLECIDOS POR LA ORGANIZACI?N', '', 88524526),
(492, '22060150103-VERIFICAR LAS CONDICIONES AMBIENTALES Y DE SST ACORDE CON LOS LINEAMIENTOS\nESTABLECIDOS PARA EL ?REA DE DESEMPE?O LABORAL.', '', 88524526),
(493, '22060150101-INTERPRETAR LOS PROBLEMAS AMBIENTALES Y DE SST TENIENDO EN CUENTA LOS PLANES Y\nPROGRAMAS ESTABLECIDOS POR LA ORGANIZACI?N Y EL ENTORNO SOCIAL.', '', 88524526),
(494, '29130109703-PREPARAR EQUIPOS DE IMPRESI?N DIGITAL DE ACUERDO CON MANUALES DE\nFUNCIONAMIENTO Y REGLAMENTO DE SALUD Y SEGURIDAD EN EL TRABAJO.', '', 88524526),
(495, '29130109702-DETERMINAR EQUIPOS REQUERIDOS EN EL PROCESO DE IMPRESI?N DIGITAL SEG?N ORDEN DE\nPRODUCCI?N.', '', 88524526),
(496, '29130109704-CONTROLAR LAS VARIABLES DEL PROCESO DE IMPRESI?N EN LA OBTENCI?N DE LA PRUEBA DE\nCOLOR SEG?N ESPECIFICACIONES TECNICAS', '', 88524526),
(497, '29130109701-IDENTIFICAR MATERIALES DE IMPRESI?N DIGITAL DE ACUERDO CON LA ORDEN DE PRODUCCI?N', '', 88524526),
(498, '24020152403-VALIDAR LA IMPORTANCIA DE LOS PROCESOS COMUNICATIVOS TENIENDO EN CUENTA\nCRITERIOS DE L?GICA Y RACIONALIDAD', '', 88524526),
(499, '24020152401-INTERPRETAR EL SENTIDO DE LA COMUNICACI?N COMO MEDIO DE EXPRESI?N SOCIAL,\nCULTURAL, LABORAL Y ART?STICA.', '', 88524526),
(500, '24020152402-DECODIFICAR MENSAJES COMUNICATIVOS EN SITUACIONES DE LA VIDA SOCIAL Y LABORAL,\nTENIENDO EN CUENTA EL CONTEXTO DE LA COMUNICACI?N.', '', 88524526),
(501, '24020152404-APLICAR ACCIONES DE MEJORAMIENTO EN EL DESARROLLO DE PROCESOS COMUNICATIVOS\nSEG?N REQUERIMIENTOS DEL CONTEXTO', '', 88524526),
(502, '210201501-01- Reconocer el trabajo como factor de movilidad social y transformaci?n vital con referencia a la fenomenolog?a y a los\nderechos fundamentales en el trabajo.', '', 88524526),
(503, '210201501-04- Participar en acciones solidarias teniendo en cuenta el ejercicio de los derechos humanos, de los pueblos y de la\nnaturaleza.', '', 88524526),
(504, '210201501-03- Practicar los derechos fundamentales en el trabajo de acuerdo con la Constituci?n Pol?tica y los Convenios\nInternacionales.', '', 88524526),
(505, '210201501-02- Valorar la importancia de la ciudadan?a laboral con base en el estudio de los derechos humanos y fundamentales en el\ntrabajo.', '', 88524526),
(506, '24020152604-CONTRIBUIR CON EL FORTALECIMIENTO DE LA CULTURA DE PAZ A PARTIR DE LA DIGNIDAD\nHUMANA Y LAS ESTRATEGIAS PARA LA TRANSFORMACI?N DE CONFLICTOS', '', 88524526),
(507, '24020152603-PROMOVER EL USO RACIONAL DE LOS RECURSOS NATURALES A PARTIR DE CRITERIOS DE\nSOSTENIBILIDAD Y SUSTENTABILIDAD ?TICA Y NORMATIVA VIGENTE', '', 88524526),
(508, '24020152601-PROMOVER MI DIGNIDAD Y LA DEL OTRO A PARTIR DE LOS PRINCIPIOS Y VALORES ?TICOS\nCOMO APORTE EN LA INSTAURACI?N DE UNA CULTURA DE PAZ', '', 88524526),
(509, '24020152602-ESTABLECER RELACIONES DE CRECIMIENTO PERSONAL Y COMUNITARIO A PARTIR DEL BIEN\nCOM?N COMO APORTE PARA EL DESARROLLO SOCIAL.', '', 88524526),
(510, '23010150701-DESARROLLAR HABILIDADES PSICOMOTRICES EN EL CONTEXTO PRODUCTIVO Y SOCIAL.', '', 88524526),
(511, '23010150704-IMPLEMENTAR UN PLAN DE ERGONOM?A Y PAUSAS ACTIVAS SEG?N LAS CARACTER?STICAS DE\nLA FUNCI?N PRODUCTIVA.', '', 88524526),
(512, '23010150702-PRACTICAR H?BITOS SALUDABLES MEDIANTE LA APLICACI?N DE FUNDAMENTOS DE NUTRICI?N\nE HIGIENE.', '', 88524526),
(513, '23010150703-EJECUTAR ACTIVIDADES DE ACONDICIONAMIENTO F?SICO ORIENTADAS HACIA EL\nMEJORAMIENTO DE LA CONDICI?N F?SICA EN LOS CONTEXTOS PRODUCTIVO Y SOCIAL.', '', 88524526),
(514, '24020152904-VALORAR LA PROPUESTA DE NEGOCIO CONFORME CON SU ESTRUCTURA Y NECESIDADES DEL\nSECTOR PRODUCTIVO Y SOCIAL', '', 88524526),
(515, '24020152901-INTEGRAR ELEMENTOS DE LA CULTURA EMPRENDEDORA TENIENDO EN CUENTA EL PERFIL\nPERSONAL Y EL CONTEXTO DE DESARROLLO SOCIAL', '', 88524526),
(516, '24020152902-CARACTERIZAR LA IDEA DE NEGOCIO TENIENDO EN CUENTA LAS OPORTUNIDADES Y\nNECESIDADES DEL SECTOR PRODUCTIVO Y SOCIAL', '', 88524526),
(517, '24020152903-ESTRUCTURAR EL PLAN DE NEGOCIO DE ACUERDO CON LAS CARACTER?STICAS\nEMPRESARIALES Y TENDENCIAS DE MERCADO', '', 88524526),
(518, '24020250101-COMPRENDER INFORMACI?N B?SICA ORAL Y ESCRITA EN INGL?S ACERCA DE S? MISMO, DE LAS\nPERSONAS Y DE SU CONTEXTO INMEDIATO EN REALIDADES PRESENTES E HISTORIAS DE VIDA.', '', 88524526),
(519, '24020250106-PONER EN PR?CTICA VOCABULARIO B?SICO Y EXPRESIONES COMUNES DE SU ?REA\nOCUPACIONAL EN CONTEXTOS ESPEC?FICOS DE SU TRABAJO POR MEDIO DEL USO DE FRASES SENCILLAS\nEN FORMA ORAL Y ESCRITA.', '', 88524526),
(520, '24020250105-COMUNICARSE DE MANERA SENCILLA EN INGL?S EN FORMA ORAL Y ESCRITA CON UN VISITANTE\nO COLEGA EN UN CONTEXTO LABORAL COTIDIANO.', '', 88524526),
(521, '24020250104-LLEVAR A CABO ACCIONES DE MEJORA RELACIONADAS CON EL INTERCAMBIO DE INFORMACI?N\nB?SICA EN INGL?S, SOBRE S? MISMO, OTRAS PERSONAS, SU CONTEXTO INMEDIATO AS? COMO DE\nEXPERIENCIAS PASADAS.', '', 88524526),
(522, '24020250103-PARTICIPAR EN INTERCAMBIOS CONVERSACIONALES B?SICOS EN FORMA ORAL Y ESCRITA EN\nINGL?S EN DIFERENTES SITUACIONES SOCIALES TANTO EN LA COTIDIANIDAD COMO EN EXPERIENCIAS', '', 88524526),
(523, '24020250102-DESCRIBIR A NIVEL B?SICO, DE FORMA ORAL Y ESCRITA EN INGL?S PERSONAS, SITUACIONES Y\nLUGARES DE ACUERDO CON SUS COSTUMBRES Y EXPERIENCIAS DE VIDA.', '', 88524526),
(524, '29130107201-ESTABLECER TIEMPOS Y FLUJOS DE TRABAJO DE ACUERDO AL PROCESO DE IMPRESI?N DIGITAL', '', 88524526),
(525, '29130107204-REALIZAR LOS ACABADOS O TERMINADOS NECESARIOS AL PRODUCTO IMPRESO SEG?N LA\nORDEN DE PRODUCCI?N.', '', 88524526),
(526, '29130107203-EFECTUAR EL MANTENIMIENTO PREVENTIVO DEL EQUIPO DE IMPRESI?N DIGITAL DE ACUERDO\nCON EL MANUAL DE FUNCIONAMIENTO', '', 88524526),
(527, '29130107205-COMPARAR EL PRODUCTO IMPRESO CON LA PRUEBA DE COLOR APROBADA POR EL CLIENTE.', '', 88524526),
(528, '29130107202-PRODUCIR IMPRESIONES DE ACUERDO CON EL MANUAL DE FUNCIONAMIENTO DEL DISPOSITIVO\nDIGITAL', '', 88524526),
(529, '29130160101-DETERMINAR EL FLUJO DE TRABAJO DEL PROCESO PRODUCTIVO DEL SECTOR GR?FICO DE\nACUERDO CON ESPECIFICACIONES DEL PRODUCTO.', '', 88524526),
(530, '29130160104-RECONOCER EQUIPOS DE MEDICI?N DE COLOR DE ACUERDO CON SU FUNCIONALIDAD', '', 88524526),
(531, '29130160102-RECONOCER LA MAQUINARIA, EQUIPOS Y MATERIAS PRIMAS REQUERIDAS EN LA PRODUCCI?N\nDE PIEZAS GR?FICAS SEG?N LA ORDEN DE PRODUCCI?N.', '', 88524526),
(532, '29130160103-INTERPRETAR M?TODOS DE CONTROL DE CALIDAD EN LAS ETAPAS DEL PROCESO GR?FICO\nSEG?N NORMATIVA.', '', 88524526),
(533, '29130160105-COMPROBAR LA GESTI?N DE COLOR APLICADA A LOS DIFERENTES PROCESOS SEG?N\nEST?NDARES INTERNACIONALES.', '', 88524526),
(534, '999999999-APLICAR EN LA RESOLUCI?N DE PROBLEMAS REALES DEL SECTOR PRODUCTIVO, LOS CONOCIMIENTOS,\nHABILIDADES Y DESTREZAS PERTINENTES A LAS COMPETENCIAS DEL PROGRAMA DE FORMACI?N\nASUMIENDO ESTRATEGIAS Y METODOLOG?AS DE AUTOGESTI?N', '', 88524526),
(535, '24020152803-SOLUCIONAR PROBLEMAS DEL ENTORNO PRODUCTIVO Y SOCIAL APLICANDO PRINCIPIOS\nMATEM?TICOS', '', 88524526),
(536, '24020152802-PLANTEAR PROBLEMAS ARITM?TICOS, GEOM?TRICOS Y M?TRICOS DE ACUERDO CON LOS\nCONTEXTOS PRODUCTIVO Y SOCIAL.', '', 88524526),
(537, '24020152804-VERIFICAR LOS RESULTADOS DE LOS PROCEDIMIENTOS MATEM?TICOS CONFORME CON LOS\nREQUERIMIENTOS DE LOS DIFERENTES CONTEXTOS', '', 88524526),
(538, '24020152801-IDENTIFICAR SITUACIONES PROBLEM?TICAS ASOCIADAS A SUS NECESIDADES DE CONTEXTO APLICANDO PROCEDIMIENTOS MATEM?TICOS', '', 88524526),
(539, '240201530-IDENTIFICAR LA DIN?MICA ORGANIZACIONAL DEL SENA Y EL ROL DE LA FORMACI?N PROFESIONAL\nINTEGRAL DE ACUERDO CON SU PROYECTO DE VIDA Y EL DESARROLLO PROFESIONAL.', '', 88524526),
(540, '22050104604-IMPLEMENTAR BUENAS PR?CTICAS DE USO, DE ACUERDO CON LA TECNOLOG?A EMPLEADA.', '', 88524526),
(541, '22050104603-VERIFICAR LOS RESULTADOS OBTENIDOS, DE ACUERDO CON LOS REQUERIMIENTOS.', '', 88524526),
(542, '22050104602-USAR HERRAMIENTAS TIC, DE ACUERDO CON LOS REQUERIMIENTOS, MANUALES DE\nFUNCIONAMIENTO, PROCEDIMIENTOS Y EST?NDARES.', '', 88524526),
(543, '22050104601-SELECCIONAR HERRAMIENTAS DE TECNOLOG?AS DE LA INFORMACI?N Y LA COMUNICACI?N\n(TIC), DE ACUERDO CON LAS NECESIDADES IDENTIFICADAS', '', 88524526),
(544, '220201501-03-USAR PRINCIPIOS Y LEYES DE LA QU?MICA EN SITUACIONES CONCRETAS DE SU ENTORNO.', '', 88524527),
(545, '220201501-01-DESCRIBIR LOS FEN?MENOS, PRINCIPIOS Y LEYES DE LA QU?MICA A PARTIR DEL AN?LISIS DE SU\nCONTEXTO PRODUCTIVO Y SOCIAL.', '', 88524527),
(546, '220201501-02-CORRELACIONAR LOS FEN?MENOS, PRINCIPIOS Y LEYES DE LA QU?MICA CON LA REALIDAD\nPRODUCTIVA Y SOCIAL.', '', 88524527),
(547, '220601501-04-REPORTAR LAS CONDICIONES Y ACTOS QUE AFECTEN LA PROTECCI?N DEL MEDIO AMBIENTE Y\nLA SST, DE ACUERDO CON LOS LINEAMIENTOS ESTABLECIDOS EN EL CONTEXTO ORGANIZACIONAL Y SOCIAL.', '', 88524527),
(548, '220601501-01-INTERPRETAR LOS PROBLEMAS AMBIENTALES Y DE SST TENIENDO EN CUENTA LOS PLANES Y\nPROGRAMAS ESTABLECIDOS POR LA ORGANIZACI?N Y EL ENTORNO SOCIAL.', '', 88524527),
(549, '220601501-03-VERIFICAR LAS CONDICIONES AMBIENTALES Y DE SST ACORDE CON LOS LINEAMIENTOS\nESTABLECIDOS PARA EL ?REA DE DESEMPE?O LABORAL.', '', 88524527),
(550, '220601501-02-EFECTUAR LAS ACCIONES PARA LA PREVENCI?N Y CONTROL DE LA PROBLEM?TICA AMBIENTAL\nY DE SST, TENIENDO EN CUENTA LOS PROCEDIMIENTOS ESTABLECIDOS POR LA ORGANIZACI?N', '', 88524527),
(551, '291301097-02-ALISTAR LOS MATERIALES PARA EL PROCESO DE IMPRESI?N SEG?N ORDEN DE PRODUCCI?N.', '', 88524527),
(552, '291301097-03-ALISTAR LOS EQUIPOS PARA EL PROCESO DE IMPRESI?N DE ACUERDO CON MANUAL DE\nFUNCIONAMIENTO Y ORDEN DE PRODUCCI?N', '', 88524527),
(553, '291301097-01-PREPARAR LOS INSUMOS PARA EL PROCESO DE IMPRESI?N SEG?N ORDEN PRODUCCI?N.', '', 88524527),
(554, '291301097-04-DISPONER LOS EQUIPOS PERIF?RICOS Y HERRAMIENTAS DE IMPRESI?N SEG?N ORDEN DE\nPRODUCCI?N.', '', 88524527),
(555, '291301087-02 REALIZAR PRUEBAS DE EVALUACI?N DE CALIDAD A LOS PRODUCTOS IMPRESOS TENIENDO EN\nCUENTA LA ORDEN DE PRODUCCI?N.', '', 88524527),
(556, '291301087-04 IMPLEMENTAR EL PLAN DE CONTINGENCIA DE ACUERDO CON LO ESTABLECIDO EN EL MANUAL\nDE PROCEDIMIENTOS DE LA EMPRESA.', '', 88524527),
(557, '291301087-01 VERIFICAR LAS VARIABLES DE CALIDAD DEL PROCESO DE IMPRESI?N SERIGR?FICA TENIENDO\nEN CUENTA ORDEN DE PRODUCCI?N.', '', 88524527),
(558, '291301087-03 REPORTAR LAS NOVEDADES DE FALLAS T?CNICAS DE LAS M?QUINAS Y DEFECTOS DE CALIDAD\nDE LOS MATERIALES SEG?N PROTOCOLOS ESTABLECIDOS.', '', 88524527),
(559, '240201524-04 APLICAR ACCIONES DE MEJORAMIENTO EN EL DESARROLLO DE PROCESOS COMUNICATIVOS\nSEG?N REQUERIMIENTOS DEL CONTEXTO', '', 88524527),
(560, '240201524-03 VALIDAR LA IMPORTANCIA DE LOS PROCESOS COMUNICATIVOS TENIENDO EN CUENTA\nCRITERIOS DE L?GICA Y RACIONALIDAD', '', 88524527),
(561, '240201524-02 DECODIFICAR MENSAJES COMUNICATIVOS EN SITUACIONES DE LA VIDA SOCIAL Y LABORAL,\nTENIENDO EN CUENTA EL CONTEXTO DE LA COMUNICACI?N.', '', 88524527),
(562, '240201524-01 INTERPRETAR EL SENTIDO DE LA COMUNICACI?N COMO MEDIO DE EXPRESI?N SOCIAL,\nCULTURAL, LABORAL Y ART?STICA.', '', 88524527),
(563, '210201501-01- Reconocer el trabajo como factor de movilidad social y transformaci?n vital con referencia a la fenomenolog?a y a los\nderechos fundamentales en el trabajo.', '', 88524527),
(564, '210201501-02- Valorar la importancia de la ciudadan?a laboral con base en el estudio de los derechos humanos y fundamentales en el\ntrabajo.', '', 88524527),
(565, '210201501-03- Practicar los derechos fundamentales en el trabajo de acuerdo con la Constituci?n Pol?tica y los Convenios\nInternacionales.', '', 88524527),
(566, '210201501-04- Participar en acciones solidarias teniendo en cuenta el ejercicio de los derechos humanos, de los pueblos y de la\nnaturaleza.', '', 88524527),
(567, '240201526-03 PROMOVER EL USO RACIONAL DE LOS RECURSOS NATURALES A PARTIR DE CRITERIOS DE\nSOSTENIBILIDAD Y SUSTENTABILIDAD ?TICA Y NORMATIVA VIGENTE', '', 88524527),
(568, '240201526-04 CONTRIBUIR CON EL FORTALECIMIENTO DE LA CULTURA DE PAZ A PARTIR DE LA DIGNIDAD\nHUMANA Y LAS ESTRATEGIAS PARA LA TRANSFORMACI?N DE CONFLICTOS', '', 88524527),
(569, '240201526-01 PROMOVER MI DIGNIDAD Y LA DEL OTRO A PARTIR DE LOS PRINCIPIOS Y VALORES ?TICOS\nCOMO APORTE EN LA INSTAURACI?N DE UNA CULTURA DE PAZ', '', 88524527),
(570, '240201526-02 ESTABLECER RELACIONES DE CRECIMIENTO PERSONAL Y COMUNITARIO A PARTIR DEL BIEN\nCOM?N COMO APORTE PARA EL DESARROLLO SOCIAL.', '', 88524527),
(571, '230101507-04 IMPLEMENTAR UN PLAN DE ERGONOM?A Y PAUSAS ACTIVAS SEG?N LAS CARACTER?STICAS DE\nLA FUNCI?N PRODUCTIVA.', '', 88524527),
(572, '230101507-03 EJECUTAR ACTIVIDADES DE ACONDICIONAMIENTO F?SICO ORIENTADAS HACIA EL\nMEJORAMIENTO DE LA CONDICI?N F?SICA EN LOS CONTEXTOS PRODUCTIVO Y SOCIAL.', '', 88524527),
(573, '230101507-02 PRACTICAR H?BITOS SALUDABLES MEDIANTE LA APLICACI?N DE FUNDAMENTOS DE NUTRICI?N\nE HIGIENE.', '', 88524527),
(574, '230101507-01 DESARROLLAR HABILIDADES PSICOMOTRICES EN EL CONTEXTO PRODUCTIVO Y SOCIAL.', '', 88524527),
(575, '291301109-02 REALIZAR MONTAJE Y TENSADO EN EL MARCO SERIGR?FICO DE ACUERDO CON LAS\nESPECIFICACIONES T?CNICAS EN LA ORDEN DE PRODUCCI?N.', '', 88524527),
(576, '291301109-01 CLASIFICAR TIPO DE MARCO Y TEJIDO DE ACUERDO CON LA ORDEN DE PRODUCCI?N.', '', 88524527),
(577, '291301109-03 PROCESAR LAS IM?GENES EN LA FORMA IMPRESORA, DE ACUERDO CON LAS\nESPECIFICACIONES DEL PRODUCTO A IMPRIMIR.', '', 88524527),
(578, '291301109-04 VERIFICAR VISUALMENTE LA FORMA IMPRESORA REVELADA SEG?N PAR?METROS DE CALIDAD.', '', 88524527),
(579, '240202501-02 DESCRIBIR A NIVEL B?SICO, DE FORMA ORAL Y ESCRITA EN INGL?S PERSONAS, SITUACIONES Y\nLUGARES DE ACUERDO CON SUS COSTUMBRES Y EXPERIENCIAS DE VIDA.', '', 88524527),
(580, '240202501-01 COMPRENDER INFORMACI?N B?SICA ORAL Y ESCRITA EN INGL?S ACERCA DE S? MISMO, DE LAS\nPERSONAS Y DE SU CONTEXTO INMEDIATO EN REALIDADES PRESENTES E HISTORIAS DE VIDA.', '', 88524527),
(581, '240202501-04 LLEVAR A CABO ACCIONES DE MEJORA RELACIONADAS CON EL INTERCAMBIO DE INFORMACI?N\nB?SICA EN INGL?S, SOBRE S? MISMO, OTRAS PERSONAS, SU CONTEXTO INMEDIATO AS? COMO DE\nEXPERIENCIAS PASADAS.', '', 88524527),
(582, '240202501-03 PARTICIPAR EN INTERCAMBIOS CONVERSACIONALES B?SICOS EN FORMA ORAL Y ESCRITA EN\nINGL?S EN DIFERENTES SITUACIONES SOCIALES TANTO EN LA COTIDIANIDAD COMO EN EXPERIENCIAS', '', 88524527),
(583, '240202501-05 COMUNICARSE DE MANERA SENCILLA EN INGL?S EN FORMA ORAL Y ESCRITA CON UN VISITANTE\nO COLEGA EN UN CONTEXTO LABORAL COTIDIANO.', '', 88524527),
(584, '240202501-06 PONER EN PR?CTICA VOCABULARIO B?SICO Y EXPRESIONES COMUNES DE SU ?REA\nOCUPACIONAL EN CONTEXTOS ESPEC?FICOS DE SU TRABAJO POR MEDIO DEL USO DE FRASES SENCILLAS\nEN FORMA ORAL Y ESCRITA.', '', 88524527),
(585, '29130 1107-01 OPERAR EQUIPOS Y HERRAMIENTAS EN LA IMPRESI?N SEG?N T?CNICAS Y PRODUCTO A\nIMPRIMIR.', '', 88524527),
(586, '29130 1107-04 REALIZAR EL RECUPERADO DE LA FORMA IMPRESORA DE ACUERDO CON PROCEDIMIENTOS DE\nLA EMPRESA.', '', 88524527),
(587, '29130 1107-02 PRODUCIR ACABADOS ESPECIALES TENIENDO EN CUNTA ORDEN DE PRODUCCI?N', '', 88524527),
(588, '29130 1107-03 VERIFICAR PRODUCTO IMPRESO DE ACUERDO CON PAR?METROS T?CNICOS DE CALIDAD.', '', 88524527),
(589, '291301601-05 COMPROBAR LA GESTI?N DE COLOR APLICADA A LOS DIFERENTES PROCESOS SEG?N\nEST?NDARES INTERNACIONALES.', '', 88524527),
(590, '291301601-02 RECONOCER LA MAQUINARIA, EQUIPOS Y MATERIAS PRIMAS REQUERIDAS PARA LA\nPRODUCCI?N DE PIEZAS GR?FICAS SEG?N LA ORDEN DE PRODUCCI?N.', '', 88524527),
(591, '291301601-03 INTERPRETAR M?TODOS DE CONTROL DE CALIDAD EN LAS ETAPAS DEL PROCESO GR?FICO\nSEG?N NORMATIVIDAD VIGENTE.', '', 88524527),
(592, '291301601-04 RECONOCER EQUIPOS DE MEDICI?N DE COLOR DE ACUERDO CON SU FUNCIONALIDAD', '', 88524527),
(593, '291301601-01 DETERMINAR EL FLUJO DE TRABAJO DEL PROCESO PRODUCTIVO DEL SECTOR GR?FICO DE\nACUERDO CON ESPECIFICACIONES DEL PRODUCTO.', '', 88524527),
(594, '999999999-APLICAR EN LA RESOLUCI?N DE PROBLEMAS REALES DEL SECTOR PRODUCTIVO, LOS CONOCIMIENTOS,\nHABILIDADES Y DESTREZAS PERTINENTES A LAS COMPETENCIAS DEL PROGRAMA DE FORMACI?N\nASUMIENDO ESTRATEGIAS Y METODOLOG?AS DE AUTOGESTI?N', '', 88524527),
(595, '240201528-03 SOLUCIONAR PROBLEMAS DEL ENTORNO PRODUCTIVO Y SOCIAL APLICANDO PRINCIPIOS\nMATEM?TICOS', '', 88524527),
(596, '240201528-01 IDENTIFICAR SITUACIONES PROBLEM?TICAS ASOCIADAS A SUS NECESIDADES DE CONTEXTO\nAPLICANDO PROCEDIMIENTOS MATEM?TICOS', '', 88524527),
(597, '240201528-02 PLANTEAR PROBLEMAS ARITM?TICOS, GEOM?TRICOS Y M?TRICOS DE ACUERDO CON LOS\nCONTEXTOS PRODUCTIVO Y SOCIAL.', '', 88524527),
(598, '240201528-04 VERIFICAR LOS RESULTADOS DE LOS PROCEDIMIENTOS MATEM?TICOS CONFORME CON LOS\nREQUERIMIENTOS DE LOS DIFERENTES CONTEXTOS', '', 88524527),
(599, '240201530-IDENTIFICAR LA DIN?MICA ORGANIZACIONAL DEL SENA Y EL ROL DE LA FORMACI?N PROFESIONAL INTEGRAL\nDE ACUERDO CON SU PROYECTO DE VIDA Y EL DESARROLLO PROFESIONAL.', '', 88524527),
(600, '220501046-02 USAR HERRAMIENTAS TIC, DE ACUERDO CON LOS REQUERIMIENTOS, MANUALES DE\nFUNCIONAMIENTO, PROCEDIMIENTOS Y EST?NDARES.', '', 88524527),
(601, '220501046-03 VERIFICAR LOS RESULTADOS OBTENIDOS, DE ACUERDO CON LOS REQUERIMIENTOS.', '', 88524527),
(602, '220501046-01 SELECCIONAR HERRAMIENTAS DE TECNOLOG?AS DE LA INFORMACI?N Y LA COMUNICACI?N\n(TIC), DE ACUERDO CON LAS NECESIDADES IDENTIFICADAS', '', 88524527),
(603, '220501046-04 IMPLEMENTAR BUENAS PR?CTICAS DE USO, DE ACUERDO CON LA TECNOLOG?A EMPLEADA.', '', 88524527),
(604, '291301052-06. VERIFICAR QUE LOS ELEMENTOS DEL ARCHIVO PDF CUMPLAN CON LOS REQUISITOS DEL CLIENTE.', '', 88524528),
(605, '291301052-03. REVISAR QUE LOS ARCHIVOS CUMPLAN CON LOS REQUERIMIENTOS T?CNICOS ESPECIFICADOS EN LA\nORDEN DE PRODUCCI?N', '', 88524528),
(606, '291301052-01. IDENTIFICAR ELEMENTOS DE MAQUETACI?N, ESPACIOS DE COLOR Y FUENTES REQUERIDOS PARA LA\nPIEZA GR?FICA DE ACUERDO CON LAS ESPECIFICACIONES T?CNICAS.', '', 88524528),
(607, '291301052-04. GENERAR EMPAQUETAMIENTO DE ARCHIVO Y PDF SEG?N LOS REQUERIMIENTOS DEL MEDIO DE SALIDA', '', 88524528),
(608, '291301052-05. GESTIONAR ARCHIVOS DIGITALES EN DIFERENTES MEDIOS DE ALMACENAMIENTO Y TRANSPORTE SEG?N\nEL PROTOCOLO DE LA EMPRESA', '', 88524528),
(609, '291301052-02. ENSAMBLAR EN EL SOFTWARE REQUERIDO ELEMENTOS DE DISE?O Y TEXTOS EN EL ESPACIO DE\nTRABAJO DE ACUERDO CON LAS ESPECIFICACIONES T?CNICAS.', '', 88524528),
(610, '291301053-01 PREPARAR EQUIPOS Y MATERIALES PARA REALIZAR PRUEBAS DE COLOR SEG?N ORDEN DE PRODUCCI?N', '', 88524528),
(611, '291301053-05 VERIFICAR CALIDAD DE LA PRUEBA DE COLOR SEG?N EST?NDARES INTERNACIONALES', '', 88524528),
(612, '291301053-02 IDENTIFICAR CARACTER?STICAS DEL ARCHIVO DIGITAL DE ACUERDO A LA NORMATIVIDAD VIGENTE Y\nMEDIO DE SALIDA', '', 88524528),
(613, '291301053-03 CALIBRAR DISPOSITIVOS DE PRUEBAS DE COLOR DE ACUERDO CON EL MEDIO DE SALIDA', '', 88524528),
(614, '291301053-04 ELABORAR PRUEBA DE COLOR PARA APROBACI?N DEL CLIENTE SEG?N ORDEN DE PRODUCCI?N', '', 88524528),
(615, '291301601-01 DETERMINAR EL FLUJO DE TRABAJO DEL PROCESO PRODUCTIVO DEL SECTOR GR?FICO DE ACUERDO CON\nLOS PROTOCOLOS ESTABLECIDOS POR LA EMPRESA.', '', 88524528),
(616, '291301601-04 OPERAR LOS EQUIPOS DE MEDICI?N DE COLOR DE ACUERDO CON LAS DIRECTRICES DE LOS', '', 88524528),
(617, '291301601-03 APLICAR M?TODOS DE CONTROL DE CALIDAD EN LAS ETAPAS DEL PROCESO GR?FICO SEG?N\nNORMATIVIDAD VIGENTE.', '', 88524528),
(618, '291301601-05 VERIFICAR LA APLICACI?N DE LOS PROCEDIMIENTOS DE SALUD OCUPACIONAL Y SEGURIDAD INDUSTRIAL\nDE ACUERDO CON LAS POL?TICAS DE LA EMPRESA.', '', 88524528),
(619, '291301601-02 RECONOCER LA MAQUINARIA, EQUIPOS Y MATERIAS PRIMAS REQUERIDAS PARA LA PRODUCCI?N DE\nPIEZAS GR?FICAS SEG?N LA ORDEN DE PRODUCCI?N.', '', 88524528),
(620, '291301601-06 COMPROBAR LA GESTI?N DE COLOR APLICADA A LOS DIFERENTES PROCESOS SEG?N EST?NDARES\nINTERNACIONALES.', '', 88524528),
(621, '291301051-06 VERIFICAR QUE LAS CARACTER?STICAS DE LAS IM?GENES DIGITALES CUMPLAN CON LOS\nREQUERIMIENTOS DEL MEDIO DE SALIDA', '', 88524528),
(622, '291301051-03 EDITAR MODELOS DE COLOR, RESOLUCI?N, TAMA?OS, FORMATOS DE IM?GENES DIGITALES DE ACUERDO\nAL MEDIO DE SALIDA', '', 88524528),
(623, '291301051-04 APLICAR HERRAMIENTAS DEL SOFTWARE DE EDICI?N DE IM?GENES DE ACUERDO A LOS REQUERIMIENTOS\nDEL PRODUCTO', '', 88524528),
(624, '291301051-05 APLICAR PERFILES DE COLOR A LAS IM?GENES DIGITALES DE ACUERDO AL MEDIO IMPRESO', '', 88524528),
(625, '291301051-01 IDENTIFICAR LAS CARACTER?STICAS DE LAS IM?GENES DIGITALES DE ACUERDO A LA ORDEN DE', '', 88524528),
(626, '291301051-02 CALIBRAR MONITOR SEG?N NORMATIVIDAD VIGENTE', '', 88524528),
(627, '291301055-01 ALISTAR MATERIALES Y EQUIPOS PARA GENERACI?N DE FORMAS IMPRESORAS SEG?N ORDEN DE', '', 88524528),
(628, '291301055-02 REALIZAR IMPOSICI?N DIGITAL DE ACUERDO CON LA PRENSA Y CARACTER?STICAS DEL PRODUCTO', '', 88524528),
(629, '291301055-04 VERIFICAR LAS CARACTER?STICAS DE LA MATRIZ OBTENIDA SEG?N NORMATIVIDAD VIGENTE Y REQUISITOS\nDE PRODUCCI?N', '', 88524528),
(630, '291301055-03 PROCESAR MATRIZ PARA IMPRESI?N FLEXOGR?FICA SEG?N NORMATIVIDAD VIGENTE', '', 88524528),
(631, '291301055-05 DISPONER LOS DESPERDICIOS DEL PROCESO DE ACUERDO A LA NORMATIVIDAD AMBIENTAL VIGENTE', '', 88524528),
(632, '291301054-05 DISPONER LOS DESPERDICIOS DEL PROCESO DE ACUERDO A LA NORMATIVIDAD AMBIENTAL VIGENTE', '', 88524528),
(633, '291301054-02 REALIZAR IMPOSICI?N DIGITAL DE ACUERDO CON LA PRENSA Y EL M?TODO DE ENCUADERNACI?N', '', 88524528),
(634, '291301054-04 VERIFICAR LAS CARACTER?STICAS DE LA MATRIZ OBTENIDA SEG?N NORMATIVIDAD VIGENTE Y REQUISITOS\nDE PRODUCCI?N', '', 88524528),
(635, '291301054-03 PROCESAR MATRIZ CTP PARA IMPRESI?N OFFSET SEG?N NORMATIVIDAD VIGENTE', '', 88524528),
(636, '291301054-01 ALISTAR MATERIALES Y EQUIPOS PARA GENERACI?N DE FORMAS IMPRESORAS SEG?N ORDEN DE', '', 88524528),
(637, '240201500-DESARROLLAR PERMANENTEMENTE LAS HABILIDADES PSICOMOTRICES Y DE PENSAMIENTO EN LA\nEJECUCI?N DE LOS PROCESOS DE APRENDIZAJE.', '', 88524528),
(638, '240201500-DESARROLLAR PROCESOS COMUNICATIVOS EFICACES Y ASERTIVOS DENTRO DE CRITERIOS DE\nRACIONALIDAD QUE POSIBILITEN LA CONVIVENCIA, EL ESTABLECIMIENTO DE ACUERDOS, LA CONSTRUCCI?N\nCOLECTIVA DEL CONOCIMIENTO Y LA RESOLUCI?N DE PROBLEMAS DE CAR?CTER PRODUCTIVO Y SOCIAL.', '', 88524528),
(639, '240201500-GESTIONAR LA INFORMACI?N DE ACUERDO CON LOS PROCEDIMIENTOS ESTABLECIDOS Y CON LAS\nTECNOLOG?AS DE LA INFORMACI?N Y LA COMUNICACI?N DISPONIBLES.', '', 88524528),
(640, '240201500-INTERACTUAR EN LOS CONTEXTOS PRODUCTIVOS Y SOCIALES EN FUNCI?N DE LOS PRINCIPIOS Y VALORES\nUNIVERSALES.', '', 88524528),
(641, '240201500-GENERAR H?BITOS SALUDABLES EN SU ESTILO DE VIDA PARA GARANTIZAR LA PREVENCI?N DE RIESGOS\nOCUPACIONALES DE ACUERDO CON EL DIAGN?STICO DE SU CONDICI?N F?SICA INDIVIDUAL Y LA\nNATURALEZA Y COMPLEJIDAD DE SU DESEMPE?O LABORAL.', '', 88524528),
(642, '240201500-CONCERTAR ALTERNATIVAS Y ACCIONES DE FORMACI?N PARA EL DESARROLLO DE LAS COMPETENCIAS DEL\nPROGRAMA FORMACI?N, CON BASE EN LA POL?TICA INSTITUCIONAL.', '', 88524528),
(643, '240201500-ASUMIR ACTITUDES CR?TICAS , ARGUMENTATIVAS Y PROPOSITIVAS EN FUNCI?N DE LA RESOLUCI?N DE\nPROBLEMAS DE CAR?CTER PRODUCTIVO Y SOCIAL.', '', 88524528),
(644, '240201500-ASUMIR RESPONSABLEMENTE LOS CRITERIOS DE PRESERVACI?N Y CONSERVACI?N DEL MEDIO AMBIENTE Y\nDE DESARROLLO SOSTENIBLE, EN EL EJERCICIO DE SU DESEMPE?O LABORAL Y SOCIAL.', '', 88524528),
(645, '240201500-APLICAR T?CNICAS DE CULTURA F?SICA PARA EL MEJORAMIENTO DE SU EXPRESI?N CORPORAL,\nDESEMPE?O LABORAL SEG?N LA NATURALEZA Y COMPLEJIDAD DEL ?REA OCUPACIONAL.', '', 88524528),
(646, '240201500-ASUMIR LOS DEBERES Y DERECHOS CON BASE EN LAS LEYES Y LA NORMATIVA INSTITUCIONAL EN EL MARCO\nDE SU PROYECTO DE VIDA.', '', 88524528),
(647, '240201500-IDENTIFICAR LAS OPORTUNIDADES QUE EL SENA OFRECE EN EL MARCO DE LA FORMACI?N PROFESIONAL DE\nACUERDO CON EL CONTEXTO NACIONAL E INTERNACIONAL.', '', 88524528),
(648, '240201500-RECONOCER EL ROL DE LOS PARTICIPANTES EN EL PROCESO FORMATIVO, EL PAPEL DE LOS AMBIENTES DE\nAPRENDIZAJE Y LA METODOLOG?A DE FORMACI?N, DE ACUERDO CON LA DIN?MICA ORGANIZACIONAL DEL\nSENA', '', 88524528),
(649, '240201500-GENERAR PROCESOS AUT?NOMOS Y DE TRABAJO COLABORATIVO PERMANENTES, FORTALECIENDO EL\nEQUILIBRIO DE LOS COMPONENTES RACIONALES Y EMOCIONALES ORIENTADOS HACIA EL DESARROLLO\nHUMANO INTEGRAL.', '', 88524528),
(650, '240201500-REDIMENSIONAR PERMANENTEMENTE SU PROYECTO DE VIDA DE ACUERDO CON LAS CIRCUNSTANCIAS DEL\nCONTEXTO Y CON VISI?N PROSPECTIVA.', '', 88524528),
(651, '999999999-APLICAR EN LA RESOLUCI?N DE PROBLEMAS REALES DEL SECTOR PRODUCTIVO, LOS CONOCIMIENTOS,\nHABILIDADES Y DESTREZAS PERTINENTES A LAS COMPETENCIAS DEL PROGRAMA DE FORMACI?N\nASUMIENDO ESTRATEGIAS Y METODOLOG?AS DE AUTOGESTI?N', '', 88524528),
(652, '220501028-ELABORAR EL CRONOGRAMA DE TRABAJO CON BASE EN LOS ACUERDOS DE TIEMPO Y PRESUPUESTO\nPACTADOS CON EL CLIENTE', '', 88524523),
(653, '220501028-DETERMINAR LA PLATAFORMA DEL PROYECTO A PARTIR DE LAS NECESIDADES DEL CLIENTE APLICANDO LAS\nT?CNICAS DE RECOLECCI?N Y PROCESAMIENTO DE LA INFORMACI?N', '', 88524523),
(654, '220501028-CONFRONTAR LA INFORMACI?N RECOLECTADA CON LAS NECESIDADES PRESENTADAS POR EL P?BLICO\nDESTINO.', '', 88524523),
(655, '220501028-RECONOCER EL LENGUAJE CINEMATOGR?FICO PARA LA PLANEACI?N DE LA MULTIMEDIA', '', 88524523),
(656, '220501028-ESCRIBIR ACTAS E INFORMES DE PROCESOS DE ACUERDO CON EL CRONOGRAMA DE ACTIVIDADES Y\nSIGUIENDO LAS NORMAS Y PROTOCOLOS ESTABLECIDOS', '', 88524523),
(657, '220501028-IDENTIFICAR LAS TIPOLOG?AS MULTIMEDIA A REALIZAR SEG?N EL REQUERIMIENTO DEL P?BLICO DESTINO Y\nDEL MEDIO.', '', 88524523),
(658, '220501029-MODELAR LOS ELEMENTOS DE LA IMAGEN CON BASE EN LOS OBJETOS O PERSONAJES ESTABLECIDOS EN EL\nGUI?N', '', 88524523),
(659, '220501029-CREAR EL PROTOTIPO DE LA MULTIMEDIA SIGUIENDO EL PATR?N ESTABLECIDO EN EL GUI?N, EL MAPA DE\nNAVEGACI?N Y EL STORYBOARD', '', 88524523),
(660, '220501029-VALIDAR EL STORYBOARD CON EL CLIENTE DE ACUERDO CON LAS ESPECIFICACIONES DEL GUI?N T?CNICO\nPARA SU APROBACI?N DEJANDO CONSTANCIA EN UN ACTA', '', 88524523),
(661, '220501029-CONSTRUIR EL STORYBOARD APLICANDO T?CNICAS DE CREATIVIDAD DE ACUERDO CON LA ESTRUCTURA\nDEL GUI?N T?CNICO Y EL MAPA DE NAVEGACI?N', '', 88524523),
(662, '220501029-ELABORAR EL GUI?N MULTIMEDIA (LITERARIO Y T?CNICO) APLICANDO T?CNICAS DE COMPOSICI?N\nLITERARIA Y LENGUAJE CINEMATOGR?FICO CONFORME A LA TIPOLOG?A DEFINIDA Y AL P?BLICO DESTINO', '', 88524523),
(663, '220501029-DEFINIR LA ESTRUCTURA DEL MAPA DE NAVEGACI?N SEG?N LA NECESIDAD DEL CLIENT', '', 88524523),
(664, '220501029-DISE?AR LA INTERFAZ GR?FICA CON BASE EN EL MAPA DE NAVEGACI?N', '', 88524523),
(665, '220501030-INCORPORAR LOS ELEMENTOS DE LA MULTIMEDIA SEG?N LOS CRITERIOS DEL STORYBOARD', '', 88524523),
(666, '220501030-ESTRUCTURAR LOS ELEMENTOS DE LA MULTIMEDIA A TRAV?S DE LENGUAJES DE MAQUETACI?N WEB', '', 88524523),
(667, '220501030-VERIFICAR EL FUNCIONAMIENTO DE LA APLICACI?N CON BASE EN EL STORYBOARD', '', 88524523),
(668, '220501030-CODIFICAR LOS ELEMENTOS DE LA MULTIMEDIA SIGUIENDO LAS ESPECIFICACIONES DEL MAPA DE\nNAVEGACI?N CON LA PLATAFORMA SELECCIONADA.', '', 88524523),
(669, '220501031-PROBAR LA ACCESIBILIDAD, DISE?O, ESCALABILIDAD Y USABILIDAD DE LA MULTIMEDIA DE ACUERDO A LA\nDEFINICI?N DEL MAPA DEL SITIO Y EL P?BLICO OBJETIVO.', '', 88524523),
(670, '220501031-REALIZAR EL EMPAQUE Y LOS ELEMENTOS DE MERCHANDISING CON LOS QUE SE DISTRIBUIR? EL\nPROYECTO MULTIMEDIA', '', 88524523),
(671, '220501031-REALIZAR LAS MODIFICACIONES PERTINENTES DE ACUERDO A LO EVALUADO EN LAS PRUEBAS DE\nACCESIBILIDAD, DISE?O, ESCALABILIDAD Y USABILIDAD DE LA MULTIMEDIA', '', 88524523),
(672, '220501031-ELABORAR LOS MANUALES Y AYUDAS AN?LOGAS O DIGITALES NECESARIAS PARA FACILITAR LA OPERACI?N\nDEL PROYECTO MULTIMEDIA', '', 88524523),
(673, '220501039-AJUSTAR LA ILUMINACI?N Y EL COLOR DE LA ESCENA PARA LOGRAR LA APARIENCIA VISUAL DESEADA', '', 88524523),
(674, '220501039-EDITAR IM?GENES UTILIZANDO SOFTWARE DE EDICI?N AUDIOVISUAL DE ACUERDO CON LO ESTABLECIDO\nEN GUI?N T?CNICO', '', 88524523),
(675, '220501039-MONTAR SECUENCIAS DE ACUERDO CON LAS ESPECIFICACIONES DEL PROYECTO MULTIMEDIA', '', 88524523),
(676, '220501039-AGREGAR EFECTOS ESPECIALES: VISUALES Y SONOROS AL PROYECTO MULTIMEDIA SIGUIENDO LOS\nLINEAMIENTOS DEL GUI?N T?CNICO', '', 88524523),
(677, '220501039-IMPORTAR Y EXPORTAR ARCHIVOS SEG?N EL SOPORTE T?CNICO FINAL ELEGIDO PARA LA PROYECCI?N Y/O\nDISTRIBUCI?N DE LA PRODUCCI?N', '', 88524523),
(678, '260101021-VERIFICAR ENTRE LAS PARTES LA PROPUESTA COMERCIAL DE ACUERDO CON LOS PAR?METROS DE LA\nNEGOCIACI?N', '', 88524523),
(679, '260101021-CREAR LA PROPUESTA Y/O CONTRAPROPUESTA QUE ESTABLEZCA DETALLES DE RENTABILIDAD, PRECIOS, Y\nCOMPROMISOS CON BASE EN LAS POL?TICAS DEL CLIENTE (FINANCIACI?N, PRESUPUESTO, OBJETIVOS E\nIDENTIDAD CORPORATIVA).', '', 88524523),
(680, '260101021-IDENTIFICAR LAS TENDENCIAS DEL MERCADO Y DEL DISE?O EN LA PRODUCCI?N DE PROYECTOS\nMULTIMEDIA PARA ORIENTAR AL CLIENTE', '', 88524523),
(681, '260101021-DEFINIR EL COSTO DEL PROYECTO TENIENDO EN CUENTA LOS GASTOS FIJOS, VARIABLES Y TIEMPO\nINVERTIDO EN LA REALIZACI?N DEL MISMO', '', 88524523),
(682, '220201501-APLICAR FUNDAMENTOS DE LA F?SICA EN LA RESOLUCI?N DE PROBLEMAS DE ACUERDO CON LOS\nREQUERIMIENTOS DEL CONTEXTO PRODUCTIVO.', '', 88524529),
(683, '220201501-ORGANIZAR PROCESO PRODUCTIVO DE FORMA ORDENADA Y SISTEM?TICA SEG?N LOS CAMBIOS F?SICOS\nQUE OCURREN EN EL CONTEXTO.', '', 88524529),
(684, '220201501-PROPONER ACCIONES DE MEJORA EN SU CONTEXTO DE ACUERDO CON PRINCIPIOS F?SICOS.', '', 88524529),
(685, '220201501-INTERPRETAR LOS CAMBIOS QUE SE PRESENTAN EN LOS CUERPOS SEG?N LOS PRINCIPIOS Y LEYES', '', 88524529),
(686, '220601501-INTERPRETAR LOS PROBLEMAS AMBIENTALES Y DE SST TENIENDO EN CUENTA LOS PLANES Y PROGRAMAS\nESTABLECIDOS POR LA ORGANIZACI?N Y EL ENTORNO SOCIAL.', '', 88524529),
(687, '220601501-REPORTAR LAS CONDICIONES Y ACTOS QUE AFECTEN LA PROTECCI?N DEL MEDIO AMBIENTE Y LA SST, DE\nACUERDO CON LOS LINEAMIENTOS ESTABLECIDOS EN EL CONTEXTO ORGANIZACIONAL Y SOCIAL.', '', 88524529),
(688, '220601501-VERIFICAR LAS CONDICIONES AMBIENTALES Y DE SST ACORDE CON LOS LINEAMIENTOS ESTABLECIDOS\nPARA EL ?REA DE DESEMPE?O LABORAL.', '', 88524529),
(689, '220601501-EFECTUAR LAS ACCIONES PARA LA PREVENCI?N Y CONTROL DE LA PROBLEM?TICA AMBIENTAL Y DE SST,\nTENIENDO EN CUENTA LOS PROCEDIMIENTOS ESTABLECIDOS POR LA ORGANIZACI?N.', '', 88524529),
(690, '220501096-INTERPRETAR LA INFORMACI?N T?CNICA DE DISE?O PARA LA CODIFICACI?N DEL SOFTWARE.', '', 88524529),
(691, '220501096-CREAR LAS TABLAS Y OBJETOS DE LA BASE DE DATOS DE ACUERDO CON EL DISE?O Y EL MOTOR DE BASES\nDE DATOS SELECCIONADO.', '', 88524529),
(692, '220501096-CODIFICAR EL SOFTWARE UTILIZANDO EL LENGUAJE DE PROGRAMACI?N Y LA PLATAFORMA SELECCIONADA.', '', 88524529),
(693, '220501096-VERIFICAR LA FUNCIONALIDAD DEL SOFTWARE APLICANDO PRUEBAS UNITARIAS.', '', 88524529),
(694, '240201524-INTERPRETAR EL SENTIDO DE LA COMUNICACI?N COMO MEDIO DE EXPRESI?N SOCIAL, CULTURAL, LABORAL\nY ART?STICA.', '', 88524529),
(695, '240201524-APLICAR ACCIONES DE MEJORAMIENTO EN EL DESARROLLO DE PROCESOS COMUNICATIVOS SEG?N\nREQUERIMIENTOS DEL CONTEXTO.', '', 88524529),
(696, '240201524-DECODIFICAR MENSAJES COMUNICATIVOS EN SITUACIONES DE LA VIDA SOCIAL Y LABORAL, TENIENDO EN\nCUENTA EL CONTEXTO DE LA COMUNICACI?N.', '', 88524529),
(697, '240201524-VALIDAR LA IMPORTANCIA DE LOS PROCESOS COMUNICATIVOS TENIENDO EN CUENTA CRITERIOS DE L?GICA\nY RACIONALIDAD', '', 88524529),
(698, '210201501-04- Participar en acciones solidarias teniendo en cuenta el ejercicio de los derechos humanos, de los pueblos y de la\nnaturaleza.', '', 88524529),
(699, '210201501-01- Reconocer el trabajo como factor de movilidad social y transformaci?n vital con referencia a la fenomenolog?a y a los\nderechos fundamentales en el trabajo.', '', 88524529),
(700, '210201501-03- Practicar los derechos fundamentales en el trabajo de acuerdo con la Constituci?n Pol?tica y los Convenios\nInternacionales.', '', 88524529),
(701, '210201501-02- Valorar la importancia de la ciudadan?a laboral con base en el estudio de los derechos humanos y fundamentales en el\ntrabajo.', '', 88524529),
(702, '240201526-CONTRIBUIR CON EL FORTALECIMIENTO DE LA CULTURA DE PAZ A PARTIR DE LA DIGNIDAD HUMANA Y LAS\nESTRATEGIAS PARA LA TRANSFORMACI?N DE CONFLICTOS', '', 88524529),
(703, '240201526-ESTABLECER RELACIONES DE CRECIMIENTO PERSONAL Y COMUNITARIO A PARTIR DEL BIEN COM?N COMO\nAPORTE PARA EL DESARROLLO SOCIAL.', '', 88524529),
(704, '240201526-PROMOVER MI DIGNIDAD Y LA DEL OTRO A PARTIR DE LOS PRINCIPIOS Y VALORES ?TICOS COMO APORTE EN\nLA INSTAURACI?N DE UNA CULTURA DE PAZ', '', 88524529),
(705, '240201526-PROMOVER EL USO RACIONAL DE LOS RECURSOS NATURALES A PARTIR DE CRITERIOS DE SOSTENIBILIDAD\nY SUSTENTABILIDAD ?TICA Y NORMATIVA VIGENTE', '', 88524529),
(706, '230101507-IMPLEMENTAR UN PLAN DE ERGONOM?A Y PAUSAS ACTIVAS SEG?N LAS CARACTER?STICAS DE LA FUNCI?N\nPRODUCTIVA.', '', 88524529),
(707, '230101507-PRACTICAR H?BITOS SALUDABLES MEDIANTE LA APLICACI?N DE FUNDAMENTOS DE NUTRICI?N E HIGIENE.', '', 88524529),
(708, '230101507-DESARROLLAR HABILIDADES PSICOMOTRICES EN EL CONTEXTO PRODUCTIVO Y SOCIAL.', '', 88524529),
(709, '230101507-EJECUTAR ACTIVIDADES DE ACONDICIONAMIENTO F?SICO ORIENTADAS HACIA EL MEJORAMIENTO DE LA\nCONDICI?N F?SICA EN LOS CONTEXTOS PRODUCTIVO Y SOCIAL.', '', 88524529),
(710, '240201529-VALORAR LA PROPUESTA DE NEGOCIO CONFORME CON SU ESTRUCTURA Y NECESIDADES DEL SECTOR\nPRODUCTIVO Y SOCIAL.', '', 88524529),
(711, '240201529-ESTRUCTURAR EL PLAN DE NEGOCIO DE ACUERDO CON LAS CARACTER?STICAS EMPRESARIALES Y\nTENDENCIAS DE MERCADO.', '', 88524529),
(712, '240201529-INTEGRAR ELEMENTOS DE LA CULTURA EMPRENDEDORA TENIENDO EN CUENTA EL PERFIL PERSONAL Y EL CONTEXTO DE DESARROLLO SOCIAL.', '', 88524529),
(713, '240201529-CARACTERIZAR LA IDEA DE NEGOCIO TENIENDO EN CUENTA LAS OPORTUNIDADES Y NECESIDADES DEL\nSECTOR PRODUCTIVO Y SOCIAL.', '', 88524529),
(714, '240202501-PARTICIPAR EN INTERCAMBIOS CONVERSACIONALES B?SICOS EN FORMA ORAL Y ESCRITA EN INGL?S EN\nDIFERENTES SITUACIONES SOCIALES TANTO EN LA COTIDIANIDAD COMO EN EXPERIENCIAS PASADAS.', '', 88524529),
(715, '240202501-LLEVAR A CABO ACCIONES DE MEJORA RELACIONADAS CON EL INTERCAMBIO DE INFORMACI?N B?SICA EN\nINGL?S, SOBRE S? MISMO, OTRAS PERSONAS, SU CONTEXTO INMEDIATO AS? COMO DE EXPERIENCIAS', '', 88524529),
(716, '240202501-COMPRENDER INFORMACI?N B?SICA ORAL Y ESCRITA EN INGL?S ACERCA DE S? MISMO, DE LAS PERSONAS Y\nDE SU CONTEXTO INMEDIATO EN REALIDADES PRESENTES E HISTORIAS DE VIDA.', '', 88524529),
(717, '240202501-DESCRIBIR A NIVEL B?SICO, DE FORMA ORAL Y ESCRITA EN INGL?S PERSONAS, SITUACIONES Y LUGARES DE\nACUERDO CON SUS COSTUMBRES Y EXPERIENCIAS DE VIDA.', '', 88524529),
(718, '240202501-COMUNICARSE DE MANERA SENCILLA EN INGL?S EN FORMA ORAL Y ESCRITA CON UN VISITANTE O COLEGA\nEN UN CONTEXTO LABORAL COTIDIANO.', '', 88524529),
(719, '240202501-PONER EN PR?CTICA VOCABULARIO B?SICO Y EXPRESIONES COMUNES DE SU ?REA OCUPACIONAL EN\nCONTEXTOS ESPEC?FICOS DE SU TRABAJO POR MEDIO DEL USO DE FRASES SENCILLAS EN FORMA ORAL Y\nESCRITA.', '', 88524529),
(720, '220501097-DESPLEGAR EL SOFTWARE CONSTRUIDO DE ACUERDO CON LA PLATAFORMA TECNOL?GICA.', '', 88524529),
(721, '220501097-VERIFICAR LA IMPLANTACI?N DEL SOFTWARE DE ACUERDO CON CONDICIONES ESTABLECIDAS.', '', 88524529),
(722, '220501097-ELABORAR EL MANUAL DE USUARIO, SEG?N NORMAS Y PROTOCOLOS ESTABLECIDOS.', '', 88524529),
(723, '220501097-PLANEAR LAS ACTIVIDADES DE IMPLANTACI?N DEL SOFTWARE DE ACUERDO CON PLATAFORMA', '', 88524529),
(724, '999999999-APLICAR EN LA RESOLUCI?N DE PROBLEMAS REALES DEL SECTOR PRODUCTIVO, LOS CONOCIMIENTOS,\nHABILIDADES Y DESTREZAS PERTINENTES A LAS COMPETENCIAS DEL PROGRAMA DE FORMACI?N\nASUMIENDO ESTRATEGIAS Y METODOLOG?AS DE AUTOGESTI?N', '', 88524529),
(725, '240201528-SOLUCIONAR PROBLEMAS DEL ENTORNO PRODUCTIVO Y SOCIAL APLICANDO PRINCIPIOS MATEM?TICOS', '', 88524529),
(726, '240201528-IDENTIFICAR SITUACIONES PROBLEM?TICAS ASOCIADAS A SUS NECESIDADES DE CONTEXTO APLICANDO\nPROCEDIMIENTOS MATEM?TICOS.', '', 88524529),
(727, '240201528-PLANTEAR PROBLEMAS ARITM?TICOS, GEOM?TRICOS Y M?TRICOS DE ACUERDO CON LOS CONTEXTOS\nPRODUCTIVO Y SOCIAL.', '', 88524529),
(728, '240201528-VERIFICAR LOS RESULTADOS DE LOS PROCEDIMIENTOS MATEM?TICOS CONFORME CON LOS\nREQUERIMIENTOS DE LOS DIFERENTES CONTEXTOS.', '', 88524529),
(729, '240201530-IDENTIFICAR LA DIN?MICA ORGANIZACIONAL DEL SENA Y EL ROL DE LA FORMACI?N PROFESIONAL INTEGRAL\nDE ACUERDO CON SU PROYECTO DE VIDA Y EL DESARROLLO PROFESIONAL.', '', 88524529),
(730, '220501046-IMPLEMENTAR BUENAS PR?CTICAS DE USO, DE ACUERDO CON LA TECNOLOG?A EMPLEADA.', '', 88524529),
(731, '220501046-USAR HERRAMIENTAS TIC, DE ACUERDO CON LOS REQUERIMIENTOS, MANUALES DE FUNCIONAMIENTO,\nPROCEDIMIENTOS Y EST?NDARES.', '', 88524529),
(732, '220501046-SELECCIONAR HERRAMIENTAS DE TECNOLOG?AS DE LA INFORMACI?N Y LA COMUNICACI?N (TIC), DE\nACUERDO CON LAS NECESIDADES IDENTIFICADAS.', '', 88524529),
(733, '220501046-VERIFICAR LOS RESULTADOS OBTENIDOS, DE ACUERDO CON LOS REQUERIMIENTOS.', '', 88524529),
(734, '220201501-VERIFICAR LAS TRANSFORMACIONES F?SICAS DE LA MATERIA UTILIZANDO HERRAMIENTAS TECNOL?GICAS.', '', 88524534),
(735, '220201501-PROPONER ACCIONES DE MEJORA EN LOS PROCESOS PRODUCTIVOS DE ACUERDO CON LOS\nPRINCIPIOS Y LEYES DE LA F?SICA.', '', 88524534),
(736, '220201501-SOLUCIONAR PROBLEMAS ASOCIADOS CON EL SECTOR PRODUCTIVO CON BASE EN LOS\nPRINCIPIOS Y LEYES DE LA F?SICA.', '', 88524534),
(737, '220201501-IDENTIFICAR LOS PRINCIPIOS Y LEYES DE LA F?SICA EN LA SOLUCI?N DE PROBLEMAS DE\nACUERDO AL CONTEXTO PRODUCTIVO.', '', 88524534),
(738, '220601501-PROPONER ACCIONES DE MEJORA PARA EL MANEJO AMBIENTAL Y EL CONTROL DE LA SST, DE ACUERDO\nCON ESTRATEGIAS DE TRABAJO, COLABORATIVO, COOPERATIVO Y COORDINADO EN EL CONTEXTO\nPRODUCTIVO Y SOCIAL.', '', 88524534),
(739, '220601501-ANALIZAR LAS ESTRATEGIAS PARA LA PREVENCI?N Y CONTROL DE LOS IMPACTOS AMBIENTALES Y DE LOS\nACCIDENTES Y ENFERMEDADES LABORALES (ATEL) DE ACUERDO CON LAS POL?TICAS ORGANIZACIONALES Y\nEL ENTORNO SOCIAL.', '', 88524534),
(740, '220601501-IMPLEMENTAR ESTRATEGIAS PARA EL CONTROL DE LOS IMPACTOS AMBIENTALES Y DE LOS ACCIDENTES Y\nENFERMEDADES DE ACUERDO CON LOS PLANES Y PROGRAMAS ESTABLECIDOS POR LA ORGANIZACI?N.', '', 88524534),
(741, '220601501-REALIZAR SEGUIMIENTO Y ACOMPA?AMIENTO AL DESARROLLO DE LOS PLANES Y PROGRAMAS\nAMBIENTALES Y SST, SEG?N EL ?REA DE DESEMPE?O.', '', 88524534),
(742, '260102011-EVALUAR EL SERVICIO DE ACUERDO A PROTOCOLOS Y NORMATIVIDAD CORRESPONDIENTE.', '', 88524534),
(743, '260102011-OPTIMIZAR, LOS PROCEDIMIENTOS PARA LA SOLICITUD Y TR?MITE DE SERVICIOS.', '', 88524534),
(744, '260102011-ORGANIZAR LAS SOLICITUDES DE SERVICIO SEG?N PROCEDIMIENTOS T?CNICOS ESTABLECIDOS.', '', 88524534),
(745, '260102011-PROCESAR LAS SOLICITUDES DE ACUERDO A LOS REQUERIMIENTOS Y RECURSOS NECESARIOS PARA EL', '', 88524534),
(746, '240201524-ESTABLECER PROCESOS DE ENRIQUECIMIENTO LEXICAL Y ACCIONES DE MEJORAMIENTO EN EL\nDESARROLLO DE PROCESOS COMUNICATIVOS SEG?N REQUERIMIENTOS DEL CONTEXTO.', '', 88524534),
(747, '240201524-ANALIZAR LOS COMPONENTES DE LA COMUNICACI?N SEG?N SUS CARACTER?STICAS, INTENCIONALIDAD Y\nCONTEXTO.', '', 88524534),
(748, '240201524-ARGUMENTAR EN FORMA ORAL Y ESCRITA ATENDIENDO LAS EXIGENCIAS Y PARTICULARIDADES DE LAS\nDIVERSAS SITUACIONES COMUNICATIVAS MEDIANTE LOS DISTINTOS SISTEMAS DE REPRESENTACI?N.', '', 88524534),
(749, '240201524-RELACIONAR LOS PROCESOS COMUNICATIVOS TENIENDO EN CUENTA CRITERIOS DE L?GICA Y', '', 88524534),
(750, '210201501-04- Participar en acciones solidarias teniendo en cuenta el ejercicio de los derechos humanos, de los pueblos y de la\nnaturaleza.', '', 88524534),
(751, '210201501-03- Practicar los derechos fundamentales en el trabajo de acuerdo con la Constituci?n Pol?tica y los Convenios\nInternacionales.', '', 88524534),
(752, '210201501-02- Valorar la importancia de la ciudadan?a laboral con base en el estudio de los derechos humanos y fundamentales en el\ntrabajo.', '', 88524534),
(753, '210201501-01- Reconocer el trabajo como factor de movilidad social y transformaci?n vital con referencia a la fenomenolog?a y a los\nderechos fundamentales en el trabajo.', '', 88524534),
(754, '240201526-PROMOVER EL USO RACIONAL DE LOS RECURSOS NATURALES A PARTIR DE CRITERIOS DE SOSTENIBILIDAD\nY SUSTENTABILIDAD ?TICA Y NORMATIVA VIGENTE.', '', 88524534),
(755, '240201526-ESTABLECER RELACIONES DE CRECIMIENTO PERSONAL Y COMUNITARIO A PARTIR DEL BIEN COM?N COMO\nAPORTE PARA EL DESARROLLO SOCIAL.', '', 88524534),
(756, '240201526-CONTRIBUIR CON EL FORTALECIMIENTO DE LA CULTURA DE PAZ A PARTIR DE LA DIGNIDAD HUMANA Y LAS\nESTRATEGIAS PARA LA TRANSFORMACI?N DE CONFLICTOS.', '', 88524534),
(757, '240201526-PROMOVER MI DIGNIDAD Y LA DEL OTRO A PARTIR DE LOS PRINCIPIOS Y VALORES ?TICOS COMO APORTE EN\nLA INSTAURACI?N DE UNA CULTURA DE PAZ.', '', 88524534),
(758, '230101507-DESARROLLAR HABILIDADES PSICOMOTRICES EN EL CONTEXTO PRODUCTIVO Y SOCIAL.', '', 88524534),
(759, '230101507-EJECUTAR ACTIVIDADES DE ACONDICIONAMIENTO F?SICO ORIENTADAS HACIA EL MEJORAMIENTO DE LA\nCONDICI?N F?SICA EN LOS CONTEXTOS PRODUCTIVO Y SOCIAL.', '', 88524534),
(760, '230101507-PRACTICAR H?BITOS SALUDABLES MEDIANTE LA APLICACI?N DE FUNDAMENTOS DE\nNUTRICI?N E HIGIENE.', '', 88524534),
(761, '230101507-IMPLEMENTAR UN PLAN DE ERGONOM?A Y PAUSAS ACTIVAS SEG?N LAS CARACTER?STICAS DE LA FUNCI?N\nPRODUCTIVA.', '', 88524534),
(762, '240201529-CARACTERIZAR LA IDEA DE NEGOCIO TENIENDO EN CUENTA LAS OPORTUNIDADES Y NECESIDADES DEL\nSECTOR PRODUCTIVO Y SOCIAL', '', 88524534),
(763, '240201529-ESTRUCTURAR EL PLAN DE NEGOCIO DE ACUERDO CON LAS CARACTER?STICAS EMPRESARIALES Y\nTENDENCIAS DE MERCADO', '', 88524534),
(764, '240201529-INTEGRAR ELEMENTOS DE LA CULTURA EMPRENDEDORA TENIENDO EN CUENTA EL PERFIL PERSONAL Y EL\nCONTEXTO DE DESARROLLO SOCIAL', '', 88524534),
(765, '240201529-VALORAR LA PROPUESTA DE NEGOCIO CONFORME CON SU ESTRUCTURA Y NECESIDADES DEL SECTOR\nPRODUCTIVO Y SOCIAL', '', 88524534),
(766, '220501103-ELABORAR LA DOCUMENTACI?N T?CNICA NECESARIA DEL PROYECTO DE CABLEADO ESTRUCTURADO DE\nACUERDO CON LA NORMATIVIDAD VIGENTE.', '', 88524534),
(767, '220501103-VERIFICAR EL FUNCIONAMIENTO DE LA RED DE ACUERDO CON EL DISE?O Y LA INSTALACI?N REALIZADA.', '', 88524534),
(768, '220501103-INSTALAR EL CABLEADO ESTRUCTURADO DE ACUERDO CON EL DISE?O DE LA RED DE DATOS Y LA\nNORMATIVIDAD VIGENTE.', '', 88524534),
(769, '220501103-ESPECIFICAR LOS RECURSOS PARA LA INSTALACI?N DEL CABLEADO ESTRUCTURADO, DE ACUERDO CON EL\nDISE?O', '', 88524534),
(770, '240202501-EXPLICAR LAS FUNCIONES DE SU OCUPACI?N LABORAL USANDO EXPRESIONES DE\nACUERDO AL NIVEL REQUERIDO POR EL PROGRAMA DE FORMACI?N.', '', 88524534),
(771, '240202501-PRESENTAR UN PROCESO PARA LA REALIZACI?N DE UNA ACTIVIDAD EN SU QUEHACER LABORAL DE\nACUERDO CON LOS PROCEDIMIENTOS ESTABLECIDOS DESDE SU PROGRAMA DE FORMACI?N.', '', 88524534),
(772, '240202501-COMPRENDER INFORMACI?N SOBRE SITUACIONES COTIDIANAS Y LABORALES ACTUALES\nY FUTURAS A TRAV?S DE INTERACCIONES SOCIALES DE FORMA ORAL Y ESCRITA.', '', 88524534),
(773, '240202501-IMPLEMENTAR ACCIONES DE MEJORA RELACIONADAS CON EL USO DE EXPRESIONES, ESTRUCTURAS Y\nDESEMPE?O SEG?N LOS RESULTADOS DE APRENDIZAJE FORMULADOS PARA EL PROGRAMA.', '', 88524534),
(774, '240202501-INTERCAMBIAR OPINIONES SOBRE SITUACIONES COTIDIANAS Y LABORALES ACTUALES,\nPASADAS Y FUTURAS EN CONTEXTOS SOCIALES ORALES Y ESCRITOS.', '', 88524534),
(775, '240202501-DISCUTIR SOBRE POSIBLES SOLUCIONES A PROBLEMAS DENTRO DE UN RANGO VARIADO DE CONTEXTOS\nSOCIALES Y LABORALES.', '', 88524534),
(776, '220501001-DOCUMENTAR EL MANTENIMIENTO DE EQUIPOS DE C?MPUTO, DE ACUERDO CON EL PROCEDIMIENTO Y LOS\nFORMATOS ESTABLECIDOS.', '', 88524534),
(777, '220501001-REALIZAR MANTENIMIENTO F?SICO Y/O L?GICO A LOS EQUIPOS DE C?MPUTO Y/O PERIF?RICOS DE ACUERDO\nCON EL MANUAL DEL FABRICANTE.', '', 88524534),
(778, '220501001-ESPECIFICAR LOS RECURSOS PARA EL MANTENIMIENTO DE EQUIPOS DE C?MPUTO, DE ACUERDO CON EL\nPROCEDIMIENTO A REALIZAR.', '', 88524534),
(779, '220501001-VERIFICAR EL FUNCIONAMIENTO DEL EQUIPO DE C?MPUTO, DE ACUERDO CON EL PROTOCOLO', '', 88524534),
(780, '999999999-APLICAR EN LA RESOLUCI?N DE PROBLEMAS REALES DEL SECTOR PRODUCTIVO, LOS CONOCIMIENTOS,\nHABILIDADES Y DESTREZAS PERTINENTES A LAS COMPETENCIAS DEL PROGRAMA DE FORMACI?N\nASUMIENDO ESTRATEGIAS Y METODOLOG?AS DE AUTOGESTI?N', '', 88524534),
(781, '240201528-RESOLVER PROBLEMAS MATEM?TICOS A PARTIR DE SITUACIONES GENERADAS EN EL CONTEXTO SOCIAL Y\nPRODUCTIVO.', '', 88524534),
(782, '240201528-PROPONER ACCIONES DE MEJORA FRENTE A LOS RESULTADOS DE LOS PROCEDIMIENTOS MATEM?TICOS DE\nACUERDO CON EL PROBLEMA PLANTEADO.', '', 88524534),
(783, '240201528-IDENTIFICAR MODELOS MATEM?TICOS DE ACUERDO CON LOS REQUERIMIENTOS DEL PROBLEMA PLANTEADO\nEN CONTEXTOS SOCIALES Y PRODUCTIVO.', '', 88524534),
(784, '240201528-PLANTEAR PROBLEMAS MATEM?TICOS A PARTIR DE SITUACIONES GENERADAS EN EL CONTEXTO SOCIAL Y\nPRODUCTIVO.', '', 88524534),
(785, '240201530-IDENTIFICAR LA DIN?MICA ORGANIZACIONAL DEL SENA Y EL ROL DE LA FORMACI?N PROFESIONAL INTEGRAL\nDE ACUERDO CON SU PROYECTO DE VIDA Y EL DESARROLLO PROFESIONAL.', '', 88524534),
(786, '220501046-APLICAR FUNCIONALIDADES DE HERRAMIENTAS Y SERVICIOS TIC, DE ACUERDO CON MANUALES DE USO,\nPROCEDIMIENTOS ESTABLECIDOS Y BUENAS PR?CTICAS.', '', 88524534),
(787, '220501046-ALISTAR HERRAMIENTAS DE TECNOLOG?AS DE LA INFORMACI?N Y LA COMUNICACI?N (TIC), DE ACUERDO\nCON LAS NECESIDADES DE PROCESAMIENTO DE INFORMACI?N Y COMUNICACI?N.', '', 88524534),
(788, '220501046-OPTIMIZAR LOS RESULTADOS, DE ACUERDO CON LA VERIFICACI?N', '', 88524534),
(789, '220501046-EVALUAR LOS RESULTADOS, DE ACUERDO CON LOS REQUERIMIENTOS.', '', 88524534),
(790, '220201501-02 CORRELACIONAR LOS PRINCIPIOS Y LEYES DE LA QU?MICA CON LA REALIDAD PRODUCTIVA Y\nSOCIAL.', '', 88524533),
(791, '220201501-04 PLANTEAR ALTERNATIVAS DE MEJORAMIENTO A SITUACIONES ESPEC?FICAS DE SU ENTORNO\nPRODUCTIVO Y SOCIAL.', '', 88524533),
(792, '220201501-03 APLICAR LEYES Y PRINCIPIOS DE LA QU?MICA EN SITUACIONES CONCRETAS DE SU ENTORNO.', '', 88524533),
(793, '220201501-01 DESCRIBIR LOS FEN?MENOS Y PRINCIPIOS DE LA QU?MICA A PARTIR DEL AN?LISIS DE SU\nCONTEXTO PRODUCTIVO Y SOCIAL.', '', 88524533),
(794, '220601501-04 PROPONER ACCIONES DE MEJORA PARA EL MANEJO AMBIENTAL Y EL CONTROL DE LA SST, DE\nACUERDO CON ESTRATEGIAS DE TRABAJO, COLABORATIVO, COOPERATIVO Y COORDINADO EN EL\nCONTEXTO PRODUCTIVO Y SOCIAL.', '', 88524533),
(795, '220601501-03 REALIZAR SEGUIMIENTO Y ACOMPA?AMIENTO AL DESARROLLO DE LOS PLANES Y PROGRAMAS\nAMBIENTALES Y SST, SEG?N EL ?REA DE DESEMPE?O.', '', 88524533),
(796, '220601501-01 ANALIZAR LAS ESTRATEGIAS PARA LA PREVENCI?N Y CONTROL DE LOS IMPACTOS\nAMBIENTALES Y DE LOS ACCIDENTES Y ENFERMEDADES LABORALES (ATEL) DE ACUERDO CON LAS\nPOL?TICAS ORGANIZACIONALES Y EL ENTORNO SOCIAL.', '', 88524533),
(797, '220601501-02 IMPLEMENTAR ESTRATEGIAS PARA EL CONTROL DE LOS IMPACTOS AMBIENTALES Y DE LOS\nACCIDENTES Y ENFERMEDADES DE ACUERDO CON LOS PLANES Y PROGRAMAS ESTABLECIDOS POR LA\nORGANIZACI?N.', '', 88524533),
(798, '291301085-04 REALIZAR MEDICIONES CON EQUIPOS DE ACUERDO CON NORMATIVA T?CNICA.', '', 88524533),
(799, '291301085-02 SUPERVISAR EL PROCESO DE IMPRESI?N DE ACUERDO CON EL PROGRAMA DE PRODUCCI?N.', '', 88524533),
(800, '291301085-03 VERIFICAR LA CALIDAD DE LOS PRODUCTOS DE IMPRESI?N SEG?N ORDEN DE PRODUCCI?N.', '', 88524533),
(801, '291301085-01 PLANEAR LOS RECURSOS DEL PROCESO DE IMPRESI?N DE ACUERDO CON ORDEN DE\nPRODUCCI?N.', '', 88524533),
(802, '291301086-02 SUPERVISAR EL PROCESO DE POSTIMPRESI?N DE ACUERDO CON EL PROGRAMA DE', '', 88524533),
(803, '291301086-04 ESTANDARIZAR EL FLUJO DE PROCESO DE POSTIMPRESI?N SEG?N NORMATIVA', '', 88524533),
(804, '291301086-03 VERIFICAR LA CALIDAD DE LOS PRODUCTOS DE POSTIMPRESI?N SEG?N ORDEN DE\nPRODUCCI?N.', '', 88524533),
(805, '291301086-01 PLANEAR LOS RECURSOS DEL PROCESO DE POSTIMPRESI?N DE ACUERDO CON LA ORDEN DE\nPRODUCCI?N.', '', 88524533),
(806, '220601020-02 APLICAR M?TODOS DE MEDICI?N QUE CUMPLAN CON LA NORMATIVA Y ESPECIFICACIONES\nT?CNICAS', '', 88524533),
(807, '220601020-03 INTERPRETAR LOS DATOS DE LA MEDICI?N SEG?N LOS PAR?METROS ESTABLECIDOS', '', 88524533),
(808, '220601020-04 ESTABLECER PROCESOS DE MEJORA DE ACUERDO CON LOS DATOS OBTENIDOS.', '', 88524533),
(809, '220601020-01 DEFINIR M?TODOS Y EQUIPOS DE MEDICI?N SEG?N ESPECIFICACIONES T?CNICAS DEL\nPRODUCTO Y DEL PROCESO.', '', 88524533),
(810, '291301082-01 ASISTIR T?CNICAMENTE AL CLIENTE EN LA IDENTIFICACI?N DE LOS SERVICIOS REQUERIDOS\nSEG?N TIPOLOG?A DEL PRODUCTO.', '', 88524533),
(811, '291301082-03 SUPERVISAR EL PROCESO DE PREPRENSA DE ACUERDO CON EL PROGRAMA DE PRODUCCI?N', '', 88524533),
(812, '291301082-04 VERIFICAR LA CALIDAD DE LOS PRODUCTOS DE PREPRENSA SEG?N ORDEN DE PRODUCCI?N Y\nEST?NDARES DE CALIDAD.', '', 88524533),
(813, '291301082-02 PLANEAR LOS RECURSOS DEL PROCESO DE PREIMPRESI?N DE ACUERDO CON ORDEN DE\nPRODUCCI?N.', '', 88524533),
(814, '291301082-05 ESTANDARIZAR EL FLUJO DE PROCESO DE PREPRENSA SEG?N NORMATIVIDAD VIGENTE.', '', 88524533),
(815, '240201524-04 ESTABLECER PROCESOS DE ENRIQUECIMIENTO LEXICAL Y ACCIONES DE MEJORAMIENTO EN EL\nDESARROLLO DE PROCESOS COMUNICATIVOS SEG?N REQUERIMIENTOS DEL CONTEXTO.', '', 88524533),
(816, '240201524-01 ANALIZAR LOS COMPONENTES DE LA COMUNICACI?N SEG?N SUS CARACTER?STICAS,\nINTENCIONALIDAD Y CONTEXTO.', '', 88524533),
(817, '240201524-03 RELACIONAR LOS PROCESOS COMUNICATIVOS TENIENDO EN CUENTA CRITERIOS DE L?GICA Y\nRACIONALIDAD', '', 88524533),
(818, '240201524-02 ARGUMENTAR EN FORMA ORAL Y ESCRITA ATENDIENDO LAS EXIGENCIAS Y PARTICULARIDADES\nDE LAS DIVERSAS SITUACIONES COMUNICATIVAS MEDIANTE LOS DISTINTOS SISTEMAS DE', '', 88524533),
(819, '210201501-02- Valorar la importancia de la ciudadan?a laboral con base en el estudio de los derechos humanos y fundamentales en el\ntrabajo.', '', 88524533),
(820, '210201501-03- Practicar los derechos fundamentales en el trabajo de acuerdo con la Constituci?n Pol?tica y los Convenios\nInternacionales.', '', 88524533);
INSERT INTO `resultados` (`id`, `resultados`, `instructor_resultados`, `programas_id`) VALUES
(821, '210201501-01- Reconocer el trabajo como factor de movilidad social y transformaci?n vital con referencia a la fenomenolog?a y a los\nderechos fundamentales en el trabajo.', '', 88524533),
(822, '210201501-04- Participar en acciones solidarias teniendo en cuenta el ejercicio de los derechos humanos, de los pueblos y de la\nnaturaleza.', '', 88524533),
(823, '240201526-01 PROMOVER MI DIGNIDAD Y LA DEL OTRO A PARTIR DE LOS PRINCIPIOS Y VALORES ?TICOS\nCOMO APORTE EN LA INSTAURACI?N DE UNA CULTURA DE PAZ', '', 88524533),
(824, '240201526-04 CONTRIBUIR CON EL FORTALECIMIENTO DE LA CULTURA DE PAZ A PARTIR DE LA DIGNIDAD\nHUMANA Y LAS ESTRATEGIAS PARA LA TRANSFORMACI?N DE CONFLICTOS', '', 88524533),
(825, '240201526-02 ESTABLECER RELACIONES DE CRECIMIENTO PERSONAL Y COMUNITARIO A PARTIR DEL BIEN\nCOM?N COMO APORTE PARA EL DESARROLLO SOCIAL.', '', 88524533),
(826, '240201526-03 PROMOVER EL USO RACIONAL DE LOS RECURSOS NATURALES A PARTIR DE CRITERIOS DE\nSOSTENIBILIDAD Y SUSTENTABILIDAD ?TICA Y NORMATIVA VIGENTE', '', 88524533),
(827, '230101507-01 DESARROLLAR HABILIDADES PSICOMOTRICES EN EL CONTEXTO PRODUCTIVO Y SOCIAL.', '', 88524533),
(828, '230101507-02 PRACTICAR H?BITOS SALUDABLES MEDIANTE LA APLICACI?N DE FUNDAMENTOS DE NUTRICI?N\nE HIGIENE.', '', 88524533),
(829, '230101507-04 IMPLEMENTAR UN PLAN DE ERGONOM?A Y PAUSAS ACTIVAS SEG?N LAS CARACTER?STICAS DE\nLA FUNCI?N PRODUCTIVA.', '', 88524533),
(830, '230101507-03 EJECUTAR ACTIVIDADES DE ACONDICIONAMIENTO F?SICO ORIENTADAS HACIA EL\nMEJORAMIENTO DE LA CONDICI?N F?SICA EN LOS CONTEXTOS PRODUCTIVO Y SOCIAL.', '', 88524533),
(831, '240201529-03 ESTRUCTURAR EL PLAN DE NEGOCIO DE ACUERDO CON LAS CARACTER?STICAS\nEMPRESARIALES Y TENDENCIAS DE MERCADO', '', 88524533),
(832, '240201529-04 VALORAR LA PROPUESTA DE NEGOCIO CONFORME CON SU ESTRUCTURA Y NECESIDADES DEL\nSECTOR PRODUCTIVO Y SOCIAL', '', 88524533),
(833, '240201529-02 CARACTERIZAR LA IDEA DE NEGOCIO TENIENDO EN CUENTA LAS OPORTUNIDADES Y\nNECESIDADES DEL SECTOR PRODUCTIVO Y SOCIAL', '', 88524533),
(834, '240201529-01 INTEGRAR ELEMENTOS DE LA CULTURA EMPRENDEDORA TENIENDO EN CUENTA EL PERFIL\nPERSONAL Y EL CONTEXTO DE DESARROLLO SOCIAL', '', 88524533),
(835, '240202501-02 INTERCAMBIAR OPINIONES SOBRE SITUACIONES COTIDIANAS Y LABORALES ACTUALES,\nPASADAS Y FUTURAS EN CONTEXTOS SOCIALES ORALES Y ESCRITOS.', '', 88524533),
(836, '240202501-03 DISCUTIR SOBRE POSIBLES SOLUCIONES A PROBLEMAS DENTRO DE UN RANGO VARIADO DE\nCONTEXTOS SOCIALES Y LABORALES.', '', 88524533),
(837, '240202501-05 PRESENTAR UN PROCESO PARA LA REALIZACI?N DE UNA ACTIVIDAD EN SU QUEHACER\nLABORAL DE ACUERDO CON LOS PROCEDIMIENTOS ESTABLECIDOS DESDE SU PROGRAMA DE FORMACI?N.', '', 88524533),
(838, '240202501-06 EXPLICAR LAS FUNCIONES DE SU OCUPACI?N LABORAL USANDO EXPRESIONES DE ACUERDO\nAL NIVEL REQUERIDO POR EL PROGRAMA DE FORMACI?N.', '', 88524533),
(839, '240202501-04 IMPLEMENTAR ACCIONES DE MEJORA RELACIONADAS CON EL USO DE EXPRESIONES,\nESTRUCTURAS Y DESEMPE?O SEG?N LOS RESULTADOS DE APRENDIZAJE FORMULADOS PARA EL', '', 88524533),
(840, '240202501-01 COMPRENDER INFORMACI?N SOBRE SITUACIONES COTIDIANAS Y LABORALES ACTUALES Y\nFUTURAS A TRAV?S DE INTERACCIONES SOCIALES DE FORMA ORAL Y ESCRITA.', '', 88524533),
(841, '29130160-04 RECONOCER EQUIPOS DE MEDICI?N DE COLOR DE ACUERDO CON SU FUNCIONALIDAD', '', 88524533),
(842, '29130160-03 INTERPRETAR M?TODOS DE CONTROL DE CALIDAD EN LAS ETAPAS DEL PROCESO GR?FICO\nSEG?N NORMATIVIDAD VIGENTE', '', 88524533),
(843, '29130160-05 COMPROBAR LA GESTI?N DE COLOR APLICADA A LOS DIFERENTES PROCESOS SEG?N\nEST?NDARES INTERNACIONALES.', '', 88524533),
(844, '29130160-02 RECONOCER LA MAQUINARIA, EQUIPOS Y MATERIAS PRIMAS REQUERIDAS PARA LA\nPRODUCCI?N DE PIEZAS GR?FICAS SEG?N LA ORDEN DE PRODUCCI?N', '', 88524533),
(845, '29130160-01 DETERMINAR EL FLUJO DE TRABAJO DEL PROCESO PRODUCTIVO DEL SECTOR GR?FICO DE\nACUERDO CON ESPECIFICACIONES DEL PRODUCTO.', '', 88524533),
(846, '240201064-01 ANALIZAR EL CONTEXTO PRODUCTIVO SEG?N SUS CARACTER?STICAS Y NECESIDADES', '', 88524533),
(847, '240201064-03 ARGUMENTAR ASPECTOS TE?RICOS DEL PROYECTO SEG?N REFERENTES NACIONALES E\nINTERNACIONALES', '', 88524533),
(848, '240201064-02 ESTRUCTURAR EL PROYECTO DE ACUERDO A CRITERIOS DE LA INVESTIGACI?N.', '', 88524533),
(849, '240201064-04 PROPONER SOLUCIONES A LAS NECESIDADES DEL CONTEXTO SEG?N RESULTADOS DE LA\nINVESTIGACI?N.', '', 88524533),
(850, '291301084-05 VERIFICAR LOS PAR?METROS ESTABLECIDOS, SEG?N CRONOGRAMA PLANEADO Y TIEMPOS DE ENTREGA', '', 88524533),
(851, '291301084-03 ASIGNAR EQUIPOS, INSUMOS Y MATERIAS PRIMAS NECESARIAS PARA LA ELABORACI?N DE\nPRODUCTOS GR?FICOS SEG?N ORDEN DE PRODUCCI?N.', '', 88524533),
(852, '291301084-01 DEFINIR EL FLUJO DEL PROCESO GR?FICO SEG?N ESPECIFICACIONES T?CNICAS DEL\nPRODUCTO Y SISTEMAS DE IMPRESI?N.', '', 88524533),
(853, '291301084-04 ESTABLECER PAR?METROS QUE AGILICEN LA PRODUCCI?N SEG?N EST?NDARES DE', '', 88524533),
(854, '291301084-02 PLANEAR LA IMPRESI?N DE PRODUCTOS GR?FICOS DE ACUERDO A ESPECIFICACIONES\nT?CNICAS Y RECURSOS DISPONIBLES.', '', 88524533),
(855, '999999999-APLICAR EN LA RESOLUCI?N DE PROBLEMAS REALES DEL SECTOR PRODUCTIVO, LOS CONOCIMIENTOS,\nHABILIDADES Y DESTREZAS PERTINENTES A LAS COMPETENCIAS DEL PROGRAMA DE FORMACI?N ESTRATEGIAS Y METODOLOG?AS DE AUTOGESTI?N', '', 88524533),
(856, '240201528-04 PROPONER ACCIONES DE MEJORA FRENTE A LOS RESULTADOS DE LOS PROCEDIMIENTOS\nMATEM?TICOS DE ACUERDO CON EL PROBLEMA PLANTEADO', '', 88524533),
(857, '240201528-02 PLANTEAR PROBLEMAS MATEM?TICOS A PARTIR DE SITUACIONES GENERADAS EN EL\nCONTEXTO SOCIAL Y PRODUCTIVO', '', 88524533),
(858, '240201528-01 IDENTIFICAR MODELOS MATEM?TICOS DE ACUERDO CON LOS REQUERIMIENTOS DEL\nPROBLEMA PLANTEADO EN CONTEXTOS SOCIALES Y PRODUCTIVO', '', 88524533),
(859, '240201528-03 RESOLVER PROBLEMAS MATEM?TICOS A PARTIR DE SITUACIONES GENERADAS EN EL\nCONTEXTO SOCIAL Y PRODUCTIVO', '', 88524533),
(860, '240201530-01 IDENTIFICAR LA DIN?MICA ORGANIZACIONAL DEL SENA Y EL ROL DE LA FORMACI?N\nPROFESIONAL INTEGRAL DE ACUERDO CON SU PROYECTO DE VIDA Y EL DESARROLLO PROFESIONAL.', '', 88524533),
(861, '220601035-01 ORGANIZAR EL PERSONAL, PROGRAMACI?N DE EQUIPOS Y CONSUMO DE MATERIALES DE\nACUERDO CON LA PLANEACI?N.', '', 88524533),
(862, '220601035-02 APROBAR SUBPRODUCTOS DEL PROCESO SEG?N LAS POL?TICAS ESTABLECIDAS POR LA\nEMPRESA Y ESPECIFICACIONES T?CNICAS.', '', 88524533),
(863, '220601035-04 VERIFICAR MEDIANTE REGISTROS LAS FASES DEL PROCESO SEG?N PROGRAMACI?N Y ORDEN\nDE PRODUCCI?N.', '', 88524533),
(864, '220601035-03 REALIZAR SEGUIMIENTO A LOS PROCESOS DE ACUERDO CON ESPECIFICACIONES T?CNICAS Y\nREQUISITOS DEL CLIENTE.', '', 88524533),
(865, '220501046-02 APLICAR FUNCIONALIDADES DE HERRAMIENTAS Y SERVICIOS TIC, DE ACUERDO CON MANUALES\nDE USO, PROCEDIMIENTOS ESTABLECIDOS Y BUENAS PR?CTICAS.', '', 88524533),
(866, '220501046-03 EVALUAR LOS RESULTADOS, DE ACUERDO CON LOS REQUERIMIENTOS.', '', 88524533),
(867, '220501046-04 OPTIMIZAR LOS RESULTADOS, DE ACUERDO CON LA VERIFICACI?N', '', 88524533),
(868, '220501046-01 ALISTAR HERRAMIENTAS DE TECNOLOG?AS DE LA INFORMACI?N Y LA COMUNICACI?N (TIC), DE\nACUERDO CON LAS NECESIDADES DE PROCESAMIENTO DE INFORMACI?N Y COMUNICACI?N.', '', 88524533);

-- --------------------------------------------------------

--
-- Estructura de tabla para la tabla `roles`
--

CREATE TABLE `roles` (
  `id_rol` int(11) NOT NULL,
  `rol` varchar(20) NOT NULL
) ENGINE=InnoDB DEFAULT CHARSET=utf8mb4 COLLATE=utf8mb4_general_ci;

--
-- Volcado de datos para la tabla `roles`
--

INSERT INTO `roles` (`id_rol`, `rol`) VALUES
(1, 'ADMIN'),
(2, 'Instructor');

-- --------------------------------------------------------

--
-- Estructura de tabla para la tabla `sede`
--

CREATE TABLE `sede` (
  `id` int(11) NOT NULL,
  `nombre_sede` varchar(100) NOT NULL,
  `direccion_sede` varchar(200) DEFAULT NULL,
  `telefono_sede` int(100) DEFAULT NULL
) ENGINE=InnoDB DEFAULT CHARSET=utf8mb4 COLLATE=utf8mb4_general_ci;

--
-- Volcado de datos para la tabla `sede`
--

INSERT INTO `sede` (`id`, `nombre_sede`, `direccion_sede`, `telefono_sede`) VALUES
(10, 'CENIGRAF', 'Cra 15', 123456);

-- --------------------------------------------------------

--
-- Estructura de tabla para la tabla `tb_trimestre`
--

CREATE TABLE `tb_trimestre` (
  `id_T` int(11) NOT NULL,
  `Trim_date_Inc` date DEFAULT NULL,
  `Trim_date_fin` date DEFAULT NULL,
  `Trimestre` varchar(20) DEFAULT NULL,
  `id_fch` int(11) NOT NULL,
  `instructor_id` int(11) NOT NULL,
  `estatus_trim_H` int(11) NOT NULL DEFAULT 1
) ENGINE=InnoDB DEFAULT CHARSET=utf8mb4 COLLATE=utf8mb4_general_ci;

--
-- Volcado de datos para la tabla `tb_trimestre`
--

INSERT INTO `tb_trimestre` (`id_T`, `Trim_date_Inc`, `Trim_date_fin`, `Trimestre`, `id_fch`, `instructor_id`, `estatus_trim_H`) VALUES
(382, '2022-04-18', '2022-07-17', 'I Trimestre', 97, 137, 1),
(383, '2022-07-18', '2022-10-17', 'II Trimestre', 97, 137, 1),
(384, '2022-10-17', '2023-01-17', 'III Trimestre', 97, 137, 0),
(385, '2022-04-18', '2022-07-17', 'I Trimestre', 95, 152, 1),
(386, '2022-07-18', '2022-10-17', 'II Trimestre', 95, 152, 0),
(387, '2022-10-18', '2023-01-17', 'III Trimestre', 95, 152, 1),
(388, '2022-04-18', '2022-07-17', 'I Trimestre', 96, 166, 1),
(389, '2022-07-18', '2022-10-17', 'II Trimestre', 96, 166, 1),
(390, '2022-10-18', '2023-01-17', 'III Trimestre', 96, 166, 0),
(391, '2022-04-25', '2022-07-24', 'I Trimestre', 90, 155, 1),
(392, '2022-07-25', '2022-10-24', 'II Trimestre', 90, 155, 1),
(393, '2022-10-24', '2023-01-24', 'III Trimestre', 90, 155, 0),
(394, '2022-07-18', '2022-10-16', 'I Trimestre', 87, 145, 1),
(395, '2022-10-17', '2023-01-15', 'II Trimestre', 87, 145, 0),
(396, '2023-01-16', '2023-04-16', 'III Trimestre', 87, 145, 1),
(397, '2022-04-18', '2022-07-17', 'I Trimestre', 86, 181, 1),
(398, '2022-07-18', '2022-10-16', 'II Trimestre', 86, 181, 1),
(399, '2022-10-17', '2023-01-17', 'III Trimestre', 86, 181, 0),
(400, '2022-04-18', '2022-07-17', 'I Trimestre', 92, 200, 1),
(401, '2022-07-18', '2022-10-17', 'II Trimestre', 92, 200, 1),
(402, '0022-10-18', '0023-01-17', 'III Trimestre', 92, 200, 0),
(403, '2022-07-18', '2022-10-16', 'I Trimestre', 120, 171, 1),
(404, '2022-10-17', '2023-01-15', 'II Trimestre', 120, 171, 0),
(405, '2023-01-16', '2023-04-16', 'III Trimestre', 120, 171, 1),
(406, '2022-04-18', '2022-07-17', 'I Trimestre', 119, 157, 1),
(407, '2022-07-18', '2022-10-16', 'II Trimestre', 119, 157, 1),
(408, '2022-10-17', '2023-01-16', 'III Trimestre', 119, 157, 0),
(409, '2022-04-25', '2022-07-24', 'I Trimestre', 94, 150, 1),
(410, '2022-07-25', '2022-10-23', 'II Trimestre', 94, 150, 1),
(411, '2022-10-24', '2023-01-24', 'III Trimestre', 94, 150, 0),
(412, '2022-07-18', '2022-10-16', 'I Trimestre', 89, 162, 1),
(413, '2022-10-17', '2023-01-15', 'II Trimestre', 89, 162, 0),
(414, '2023-01-16', '2023-04-16', 'III Trimestre', 89, 162, 1),
(415, '2022-04-18', '2022-07-17', 'I Trimestre', 88, 141, 1),
(416, '2022-07-18', '2022-10-16', 'II Trimestre', 88, 141, 1),
(417, '2022-10-17', '2023-01-17', 'III Trimestre', 88, 141, 0),
(418, '2022-07-18', '2022-10-16', 'I Trimestre', 117, 188, 1),
(419, '2022-10-17', '2023-01-15', 'II Trimestre', 117, 188, 0),
(420, '2023-01-16', '2023-04-16', 'III Trimestre', 117, 188, 1),
(421, '2022-01-24', '2022-04-24', 'I Trimestre', 115, 187, 1),
(422, '2022-04-25', '2022-07-24', 'II Trimestre', 115, 187, 1),
(423, '2022-07-25', '2022-10-23', 'III Trimestre', 115, 187, 1),
(424, '2022-10-24', '2023-01-22', 'IV Trimestre', 115, 187, 0),
(425, '2023-01-23', '2023-04-23', 'V Trimestre', 115, 187, 1),
(426, '2023-04-24', '2023-07-23', 'VI Trimestre', 115, 187, 1),
(427, '2023-07-24', '2023-10-24', 'VII Trimestre', 115, 187, 1),
(428, '2022-04-18', '2022-07-17', 'I Trimestre', 116, 157, 1),
(429, '2022-07-18', '2022-10-16', 'II Trimestre', 116, 157, 1),
(430, '2022-10-17', '2023-01-15', 'III Trimestre', 116, 157, 0),
(431, '2023-01-16', '2023-04-16', 'IV Trimestre', 116, 157, 1),
(432, '2023-04-17', '2023-07-16', 'V Trimestre', 116, 157, 1),
(433, '2023-07-17', '2023-10-15', 'VI Trimestre', 116, 157, 1),
(434, '2023-10-16', '2024-01-16', 'VII Trimestre', 116, 157, 1),
(435, '2022-04-18', '2022-07-17', 'I Trimestre', 113, 187, 1),
(436, '2022-07-18', '2022-10-24', 'II Trimestre', 113, 187, 1),
(437, '2022-10-17', '2023-01-15', 'III Trimestre', 113, 187, 0),
(438, '2023-01-16', '2023-04-16', 'IV Trimestre', 113, 187, 1),
(439, '2023-04-17', '2023-07-16', 'V Trimestre', 113, 187, 1),
(440, '2023-07-17', '2023-10-15', 'VI Trimestre', 113, 187, 1),
(441, '2023-10-16', '2024-01-16', 'VII Trimestre', 113, 187, 1),
(442, '2022-04-18', '2022-07-17', 'I Trimestre', 111, 163, 1),
(443, '2022-07-18', '2022-10-16', 'II Trimestre', 111, 163, 1),
(444, '2022-10-17', '2023-01-15', 'III Trimestre', 111, 163, 0),
(445, '2023-01-16', '0023-04-16', 'IV Trimestre', 111, 163, 1),
(446, '2023-04-17', '2023-07-16', 'V Trimestre', 111, 163, 1),
(447, '2023-07-17', '2023-10-15', 'VI Trimestre', 111, 163, 1),
(448, '2023-10-16', '2024-01-16', 'VII Trimestre', 111, 163, 1),
(449, '2022-04-18', '2022-07-17', 'I Trimestre', 112, 168, 1),
(450, '2022-07-18', '2022-10-16', 'II Trimestre', 112, 168, 1),
(451, '2022-10-17', '2023-01-15', 'III Trimestre', 112, 168, 0),
(452, '2023-01-16', '2023-04-16', 'IV Trimestre', 112, 168, 1),
(453, '2023-04-17', '2023-07-16', 'V Trimestre', 112, 168, 1),
(454, '2023-07-17', '2023-10-15', 'VI Trimestre', 112, 168, 1),
(455, '2023-10-16', '2024-01-16', 'VII Trimestre', 112, 168, 1),
(456, '2022-01-24', '2022-04-24', 'I Trimestre', 114, 168, 1),
(457, '2022-04-25', '2022-07-24', 'II Trimestre', 114, 168, 1),
(458, '2022-07-25', '2022-10-23', 'III Trimestre', 114, 168, 1),
(459, '2022-10-24', '2023-01-22', 'IV Trimestre', 114, 168, 0),
(460, '2023-01-23', '2023-04-23', 'V Trimestre', 114, 168, 1),
(461, '2023-04-24', '2023-07-23', 'VI Trimestre', 114, 168, 1),
(462, '2023-07-24', '2023-10-24', 'VII Trimestre', 114, 168, 1),
(463, '2022-07-18', '2022-10-16', 'I Trimestre', 99, 142, 1),
(464, '2022-10-17', '2023-01-15', 'II Trimestre', 99, 142, 0),
(465, '2023-01-16', '2023-04-16', 'III Trimestre', 99, 142, 1),
(466, '2023-04-17', '2023-07-16', 'IV Trimestre', 99, 142, 1),
(467, '2023-07-17', '2023-10-15', 'V Trimestre', 99, 142, 1),
(468, '2023-10-16', '2024-01-14', 'VI Trimestre', 99, 142, 1),
(469, '2024-01-15', '2024-04-16', 'VII Trimestre', 99, 142, 1),
(470, '2022-07-18', '2022-10-16', 'I Trimestre', 101, 160, 1),
(471, '2022-10-17', '2023-01-15', 'II Trimestre', 101, 160, 0),
(472, '2023-01-16', '2023-04-16', 'III Trimestre', 101, 160, 1),
(473, '2023-04-17', '2023-07-16', 'IV Trimestre', 101, 160, 1),
(474, '2023-07-17', '2023-10-15', 'V Trimestre', 101, 160, 1),
(475, '2023-10-16', '2024-01-14', 'VI Trimestre', 101, 160, 1),
(476, '2024-01-15', '2024-04-16', 'VII Trimestre', 101, 160, 1),
(477, '2022-04-18', '2022-07-17', 'I Trimestre', 100, 142, 1),
(478, '2022-07-18', '2022-10-16', 'II Trimestre', 100, 142, 1),
(479, '2022-10-17', '2023-01-15', 'III Trimestre', 100, 142, 0),
(480, '2023-01-16', '2023-04-16', 'IV Trimestre', 100, 142, 1),
(481, '2023-04-17', '2023-07-16', 'V Trimestre', 100, 142, 1),
(482, '2023-07-17', '2023-10-15', 'VI Trimestre', 100, 142, 1),
(483, '2023-10-16', '2024-01-16', 'VII Trimestre', 100, 142, 1),
(484, '2022-07-18', '2023-10-15', 'I Trimestre', 104, 132, 1),
(485, '2023-10-16', '2023-01-15', 'II Trimestre', 104, 132, 0),
(486, '2023-01-16', '2023-04-16', 'III Trimestre', 104, 132, 1),
(487, '2023-04-17', '2023-07-16', 'IV Trimestre', 104, 132, 1),
(488, '2023-07-17', '2023-10-15', 'V Trimestre', 104, 132, 1),
(489, '2023-10-16', '2023-01-15', 'VI Trimestre', 104, 132, 1),
(490, '2023-01-16', '2024-04-16', 'VII Trimestre', 104, 132, 1),
(491, '2022-07-18', '2022-10-16', 'I Trimestre', 107, 161, 1),
(492, '2023-10-16', '2023-01-15', 'II Trimestre', 107, 161, 0),
(493, '2023-01-16', '2023-04-16', 'III Trimestre', 107, 161, 1),
(494, '2023-04-17', '2023-07-16', 'IV Trimestre', 107, 161, 1),
(495, '2023-07-17', '2023-10-15', 'V Trimestre', 107, 161, 1),
(496, '2023-10-16', '2024-01-16', 'VI Trimestre', 107, 161, 1),
(497, '2024-01-16', '2024-01-16', 'VII Trimestre', 107, 161, 1),
(498, '2022-04-18', '2022-07-17', 'I Trimestre', 108, 152, 1),
(499, '2022-07-18', '2022-10-16', 'II Trimestre', 108, 152, 1),
(500, '2022-10-17', '2023-01-15', 'III Trimestre', 108, 152, 1),
(501, '2023-01-16', '2023-04-16', 'IV Trimestre', 108, 152, 0),
(502, '2023-04-17', '2023-07-16', 'V Trimestre', 108, 152, 1),
(503, '2023-07-17', '2023-10-17', 'VI Trimestre', 108, 152, 1),
(504, '0000-00-00', '0000-00-00', 'VII Trimestre', 108, 0, 1),
(505, '2022-01-24', '2022-04-24', 'I Trimestre', 110, 165, 1),
(506, '2022-04-25', '2022-07-24', 'II Trimestre', 110, 165, 1),
(507, '2022-07-25', '2022-10-23', 'III Trimestre', 110, 165, 1),
(508, '2022-10-24', '2023-01-22', 'IV Trimestre', 110, 165, 0),
(509, '2023-01-23', '2023-04-23', 'V Trimestre', 110, 165, 1),
(510, '2023-04-24', '2023-07-22', 'VI Trimestre', 110, 165, 1),
(511, '0000-00-00', '0000-00-00', 'VII Trimestre', 110, 0, 1),
(512, '2022-01-24', '2022-04-24', 'I Trimestre', 109, 193, 1),
(513, '2022-04-25', '2022-07-24', 'II Trimestre', 109, 193, 1),
(514, '2022-07-25', '2022-10-23', 'III Trimestre', 109, 193, 1),
(515, '2022-10-24', '2023-01-22', 'IV Trimestre', 109, 193, 0),
(516, '2023-01-23', '2023-04-23', 'V Trimestre', 109, 193, 1),
(517, '2023-04-24', '2023-07-24', 'VI Trimestre', 109, 193, 1),
(518, '0000-00-00', '0000-00-00', 'VII Trimestre', 109, 0, 1),
(519, '2022-04-18', '2022-07-17', 'I Trimestre', 105, 148, 1),
(520, '2022-07-18', '2022-10-16', 'II Trimestre', 105, 148, 1),
(521, '2022-10-17', '2023-01-15', 'III Trimestre', 105, 148, 0),
(522, '2023-01-16', '2023-04-16', 'IV Trimestre', 105, 148, 1),
(523, '2023-04-17', '2023-07-16', 'V Trimestre', 105, 148, 1),
(524, '2023-07-17', '2023-10-15', 'VI Trimestre', 105, 148, 1),
(525, '2023-10-16', '2024-01-16', 'VII Trimestre', 105, 148, 1),
(526, '2022-10-10', '2022-12-18', 'I Trimestre', 93, 190, 0),
(527, '0000-00-00', '0000-00-00', 'II Trimestre', 93, 0, 1),
(528, '0000-00-00', '0000-00-00', 'III Trimestre', 93, 0, 1),
(529, '2022-10-10', '2022-12-18', 'I Trimestre', 102, 129, 0),
(530, '0000-00-00', '0000-00-00', 'II Trimestre', 102, 0, 1),
(531, '0000-00-00', '0000-00-00', 'III Trimestre', 102, 0, 1),
(532, '0000-00-00', '0000-00-00', 'IV Trimestre', 102, 0, 1),
(533, '0000-00-00', '0000-00-00', 'V Trimestre', 102, 0, 1),
(534, '0000-00-00', '0000-00-00', 'VI Trimestre', 102, 0, 1),
(535, '0000-00-00', '0000-00-00', 'VII Trimestre', 102, 0, 1),
(536, '2022-10-10', '2022-12-18', 'I Trimestre', 103, 129, 0),
(537, '0000-00-00', '0000-00-00', 'II Trimestre', 103, 0, 1),
(538, '0000-00-00', '0000-00-00', 'III Trimestre', 103, 0, 1),
(539, '0000-00-00', '0000-00-00', 'IV Trimestre', 103, 0, 1),
(540, '0000-00-00', '0000-00-00', 'V Trimestre', 103, 0, 1),
(541, '0000-00-00', '0000-00-00', 'VI Trimestre', 103, 0, 1),
(542, '0000-00-00', '0000-00-00', 'VII Trimestre', 103, 0, 1),
(543, '2022-10-10', '2022-12-18', 'I Trimestre', 106, 191, 0),
(544, '0000-00-00', '0000-00-00', 'II Trimestre', 106, 0, 1),
(545, '0000-00-00', '0000-00-00', 'III Trimestre', 106, 0, 1),
(546, '0000-00-00', '0000-00-00', 'IV Trimestre', 106, 0, 1),
(547, '0000-00-00', '0000-00-00', 'V Trimestre', 106, 0, 1),
(548, '0000-00-00', '0000-00-00', 'VI Trimestre', 106, 0, 1),
(549, '0000-00-00', '0000-00-00', 'VII Trimestre', 106, 0, 1),
(550, '2022-10-10', '2022-12-18', 'I Trimestre', 118, 157, 0),
(551, '0000-00-00', '0000-00-00', 'II Trimestre', 118, 0, 1),
(552, '0000-00-00', '0000-00-00', 'III Trimestre', 118, 0, 1);

--
-- Índices para tablas volcadas
--

--
-- Indices de la tabla `ambiente`
--
ALTER TABLE `ambiente`
  ADD PRIMARY KEY (`id_A`),
  ADD KEY `relacion_sede` (`id_sede`);

--
-- Indices de la tabla `competencias`
--
ALTER TABLE `competencias`
  ADD PRIMARY KEY (`id`),
  ADD KEY `relacion_programas` (`programas_id`);

--
-- Indices de la tabla `dias`
--
ALTER TABLE `dias`
  ADD PRIMARY KEY (`id`),
  ADD UNIQUE KEY `dia_s` (`dia_s`);

--
-- Indices de la tabla `ficha`
--
ALTER TABLE `ficha`
  ADD PRIMARY KEY (`ID_F`),
  ADD KEY `relacion_prog` (`fc_id_programa`);

--
-- Indices de la tabla `horarios`
--
ALTER TABLE `horarios`
  ADD PRIMARY KEY (`id_hora`),
  ADD KEY `dia` (`dia`) USING BTREE,
  ADD KEY `ficha` (`ficha`),
  ADD KEY `instructor` (`instructor`),
  ADD KEY `hora` (`hora`),
  ADD KEY `R` (`id_ambiente`),
  ADD KEY `Prueba_relacion` (`id_trim_fch`);

--
-- Indices de la tabla `horas`
--
ALTER TABLE `horas`
  ADD PRIMARY KEY (`id_h`);

--
-- Indices de la tabla `instructor`
--
ALTER TABLE `instructor`
  ADD PRIMARY KEY (`ID`),
  ADD UNIQUE KEY `email` (`email`),
  ADD KEY `relacion_rol` (`rol`);

--
-- Indices de la tabla `programa`
--
ALTER TABLE `programa`
  ADD PRIMARY KEY (`id_program`);

--
-- Indices de la tabla `resultados`
--
ALTER TABLE `resultados`
  ADD PRIMARY KEY (`id`),
  ADD KEY `relacion_programas_resultados` (`programas_id`);

--
-- Indices de la tabla `roles`
--
ALTER TABLE `roles`
  ADD PRIMARY KEY (`id_rol`);

--
-- Indices de la tabla `sede`
--
ALTER TABLE `sede`
  ADD PRIMARY KEY (`id`);

--
-- Indices de la tabla `tb_trimestre`
--
ALTER TABLE `tb_trimestre`
  ADD PRIMARY KEY (`id_T`),
  ADD KEY `fk_TFCH` (`id_fch`),
  ADD KEY `relacion_instructor` (`instructor_id`);

--
-- AUTO_INCREMENT de las tablas volcadas
--

--
-- AUTO_INCREMENT de la tabla `ambiente`
--
ALTER TABLE `ambiente`
  MODIFY `id_A` int(11) NOT NULL AUTO_INCREMENT, AUTO_INCREMENT=74;

--
-- AUTO_INCREMENT de la tabla `competencias`
--
ALTER TABLE `competencias`
  MODIFY `id` int(11) NOT NULL AUTO_INCREMENT, AUTO_INCREMENT=457;

--
-- AUTO_INCREMENT de la tabla `dias`
--
ALTER TABLE `dias`
  MODIFY `id` int(11) NOT NULL AUTO_INCREMENT, AUTO_INCREMENT=19;

--
-- AUTO_INCREMENT de la tabla `ficha`
--
ALTER TABLE `ficha`
  MODIFY `ID_F` int(11) NOT NULL AUTO_INCREMENT, AUTO_INCREMENT=121;

--
-- AUTO_INCREMENT de la tabla `horarios`
--
ALTER TABLE `horarios`
  MODIFY `id_hora` int(11) NOT NULL AUTO_INCREMENT, AUTO_INCREMENT=1698;

--
-- AUTO_INCREMENT de la tabla `horas`
--
ALTER TABLE `horas`
  MODIFY `id_h` int(11) NOT NULL AUTO_INCREMENT, AUTO_INCREMENT=16;

--
-- AUTO_INCREMENT de la tabla `instructor`
--
ALTER TABLE `instructor`
  MODIFY `ID` int(11) NOT NULL AUTO_INCREMENT, AUTO_INCREMENT=206;

--
-- AUTO_INCREMENT de la tabla `programa`
--
ALTER TABLE `programa`
  MODIFY `id_program` int(11) NOT NULL AUTO_INCREMENT, AUTO_INCREMENT=88524537;

--
-- AUTO_INCREMENT de la tabla `resultados`
--
ALTER TABLE `resultados`
  MODIFY `id` int(11) NOT NULL AUTO_INCREMENT, AUTO_INCREMENT=869;

--
-- AUTO_INCREMENT de la tabla `roles`
--
ALTER TABLE `roles`
  MODIFY `id_rol` int(11) NOT NULL AUTO_INCREMENT, AUTO_INCREMENT=3;

--
-- AUTO_INCREMENT de la tabla `sede`
--
ALTER TABLE `sede`
  MODIFY `id` int(11) NOT NULL AUTO_INCREMENT, AUTO_INCREMENT=12;

--
-- AUTO_INCREMENT de la tabla `tb_trimestre`
--
ALTER TABLE `tb_trimestre`
  MODIFY `id_T` int(11) NOT NULL AUTO_INCREMENT, AUTO_INCREMENT=553;

--
-- Restricciones para tablas volcadas
--

--
-- Filtros para la tabla `competencias`
--
ALTER TABLE `competencias`
  ADD CONSTRAINT `relacion_programas` FOREIGN KEY (`programas_id`) REFERENCES `programa` (`id_program`) ON DELETE CASCADE ON UPDATE CASCADE;

--
-- Filtros para la tabla `ficha`
--
ALTER TABLE `ficha`
  ADD CONSTRAINT `relacion_prog` FOREIGN KEY (`fc_id_programa`) REFERENCES `programa` (`id_program`) ON DELETE CASCADE ON UPDATE CASCADE;

--
-- Filtros para la tabla `resultados`
--
ALTER TABLE `resultados`
  ADD CONSTRAINT `resultados_ibfk_1` FOREIGN KEY (`programas_id`) REFERENCES `programa` (`id_program`) ON DELETE CASCADE ON UPDATE CASCADE;
COMMIT;

/*!40101 SET CHARACTER_SET_CLIENT=@OLD_CHARACTER_SET_CLIENT */;
/*!40101 SET CHARACTER_SET_RESULTS=@OLD_CHARACTER_SET_RESULTS */;
/*!40101 SET COLLATION_CONNECTION=@OLD_COLLATION_CONNECTION */;
